Numéro de station OMM,Date et heure d'observation,Direction du vent (degrés),Vitesse du vent moyen 10mn,Humidité relative (%),Visibilité horizontale (m),Nebulosité totale,Hauteur base nuages (m),Pression au niveau station,Rafale 10 dernières minutes,Précipitations 24h (mm),Nom de la station,Température (°C),T° min 24h (°C),T° max 24h (°C),Latitude,Longitude,Altitude (m),Libellé géographique,Nom département,Code département,Nom région,Code région,Mois de l'année,distance_km_poitiers
07335,2025-04-05T12:00:00+00:00,150.0,2.8,45.0,60000.0,0,,99870.0,5.6,0.0,POITIERS-BIARD,20.400000000000034,,,46.593833,0.314333,123,Poitiers,Vienne,86,Nouvelle-Aquitaine,75,4,2.500087253165825
07335,2025-04-05T15:00:00+00:00,160.0,1.9,42.0,43430.0,0,,99820.0,4.4,0.0,POITIERS-BIARD,22.30000000000001,,,46.593833,0.314333,123,Poitiers,Vienne,86,Nouvelle-Aquitaine,75,4,2.500087253165825
07335,2025-04-05T21:00:00+00:00,300.0,2.5,74.0,60000.0,0,,99950.0,3.3,0.0,POITIERS-BIARD,14.5,,,46.593833,0.314333,123,Poitiers,Vienne,86,Nouvelle-Aquitaine,75,4,2.500087253165825
07335,2025-04-08T09:00:00+00:00,30.0,2.3,53.0,19180.0,0,,100960.0,3.8,0.0,POITIERS-BIARD,13.5,,,46.593833,0.314333,123,Poitiers,Vienne,86,Nouvelle-Aquitaine,75,4,2.500087253165825
07335,2025-04-09T12:00:00+00:00,20.0,6.4,38.0,19660.0,0,,100660.0,11.1,0.0,POITIERS-BIARD,18.200000000000045,,,46.593833,0.314333,123,Poitiers,Vienne,86,Nouvelle-Aquitaine,75,4,2.500087253165825
07335,2025-04-10T21:00:00+00:00,40.0,5.3,57.0,60000.0,0,,100810.0,8.1,0.0,POITIERS-BIARD,13.100000000000023,,,46.593833,0.314333,123,Poitiers,Vienne,86,Nouvelle-Aquitaine,75,4,2.500087253165825
07335,2025-04-15T18:00:00+00:00,240.0,7.1,66.0,18300.0,0,800.0,98940.0,10.3,4.8,POITIERS-BIARD,11.400000000000034,,,46.593833,0.314333,123,Poitiers,Vienne,86,Nouvelle-Aquitaine,75,4,2.500087253165825
07335,2025-04-10T03:00:00+00:00,40.0,3.3,70.0,19680.0,0,,100960.0,5.3,0.0,POITIERS-BIARD,8.800000000000011,,,46.593833,0.314333,123,Poitiers,Vienne,86,Nouvelle-Aquitaine,75,4,2.500087253165825
07335,2025-04-13T09:00:00+00:00,250.0,4.6,80.0,19860.0,0,800.0,99680.0,6.7,5.7,POITIERS-BIARD,12.5,,,46.593833,0.314333,123,Poitiers,Vienne,86,Nouvelle-Aquitaine,75,4,2.500087253165825
07335,2025-04-13T18:00:00+00:00,270.0,3.1,63.0,59200.0,0,7020.0,99610.0,6.1,0.2,POITIERS-BIARD,13.600000000000023,,,46.593833,0.314333,123,Poitiers,Vienne,86,Nouvelle-Aquitaine,75,4,2.500087253165825
07335,2025-04-02T12:00:00+00:00,100.0,5.9,74.0,16810.0,61,800.0,99610.0,11.3,0.4,POITIERS-BIARD,11.100000000000023,,,46.593833,0.314333,123,Poitiers,Vienne,86,Nouvelle-Aquitaine,75,4,2.500087253165825
07335,2025-04-03T15:00:00+00:00,170.0,3.4,55.0,56300.0,0,1750.0,100180.0,5.8,0.2,POITIERS-BIARD,17.600000000000023,,,46.593833,0.314333,123,Poitiers,Vienne,86,Nouvelle-Aquitaine,75,4,2.500087253165825
07335,2025-04-09T21:00:00+00:00,20.0,3.4,62.0,60000.0,0,,100830.0,5.1,0.0,POITIERS-BIARD,9.600000000000023,,,46.593833,0.314333,123,Poitiers,Vienne,86,Nouvelle-Aquitaine,75,4,2.500087253165825
07335,2025-04-11T00:00:00+00:00,40.0,3.4,68.0,60000.0,0,,100840.0,5.1,0.0,POITIERS-BIARD,9.5,,,46.593833,0.314333,123,Poitiers,Vienne,86,Nouvelle-Aquitaine,75,4,2.500087253165825
07335,2025-04-11T09:00:00+00:00,70.0,2.0,60.0,40530.0,0,,100550.0,3.4,0.0,POITIERS-BIARD,14.700000000000045,,,46.593833,0.314333,123,Poitiers,Vienne,86,Nouvelle-Aquitaine,75,4,2.500087253165825
07335,2025-04-05T00:00:00+00:00,190.0,0.9,64.0,60000.0,0,4260.0,99670.0,1.1,0.0,POITIERS-BIARD,12.400000000000034,,,46.593833,0.314333,123,Poitiers,Vienne,86,Nouvelle-Aquitaine,75,4,2.500087253165825
07335,2025-04-15T06:00:00+00:00,190.0,5.8,95.0,51110.0,0,450.0,98330.0,8.4,4.8,POITIERS-BIARD,10.900000000000034,,,46.593833,0.314333,123,Poitiers,Vienne,86,Nouvelle-Aquitaine,75,4,2.500087253165825
07335,2025-04-05T03:00:00+00:00,170.0,4.3,49.0,60000.0,0,,99620.0,6.6,0.0,POITIERS-BIARD,14.800000000000011,,,46.593833,0.314333,123,Poitiers,Vienne,86,Nouvelle-Aquitaine,75,4,2.500087253165825
07335,2025-04-14T12:00:00+00:00,190.0,3.4,65.0,54590.0,0,2880.0,99140.0,5.2,0.0,POITIERS-BIARD,14.900000000000034,,,46.593833,0.314333,123,Poitiers,Vienne,86,Nouvelle-Aquitaine,75,4,2.500087253165825
07335,2025-04-02T00:00:00+00:00,40.0,6.9,60.0,60000.0,0,,99750.0,10.9,0.0,POITIERS-BIARD,8.0,,,46.593833,0.314333,123,Poitiers,Vienne,86,Nouvelle-Aquitaine,75,4,2.500087253165825
07335,2025-04-04T18:00:00+00:00,120.0,0.6,46.0,60000.0,0,3600.0,99650.0,1.1,-0.1,POITIERS-BIARD,19.200000000000045,,,46.593833,0.314333,123,Poitiers,Vienne,86,Nouvelle-Aquitaine,75,4,2.500087253165825
07335,2025-04-10T09:00:00+00:00,60.0,4.5,57.0,19710.0,0,,101130.0,7.4,0.0,POITIERS-BIARD,13.900000000000034,,,46.593833,0.314333,123,Poitiers,Vienne,86,Nouvelle-Aquitaine,75,4,2.500087253165825
07335,2025-04-11T03:00:00+00:00,50.0,3.4,81.0,44930.0,0,,100640.0,5.4,0.0,POITIERS-BIARD,7.2000000000000455,,,46.593833,0.314333,123,Poitiers,Vienne,86,Nouvelle-Aquitaine,75,4,2.500087253165825
07335,2025-04-11T15:00:00+00:00,70.0,4.4,31.0,19930.0,0,,100080.0,9.7,0.0,POITIERS-BIARD,23.400000000000034,,,46.593833,0.314333,123,Poitiers,Vienne,86,Nouvelle-Aquitaine,75,4,2.500087253165825
07335,2025-04-11T21:00:00+00:00,50.0,2.2,55.0,60000.0,0,,99830.0,3.5,0.0,POITIERS-BIARD,15.200000000000045,,,46.593833,0.314333,123,Poitiers,Vienne,86,Nouvelle-Aquitaine,75,4,2.500087253165825
07335,2025-04-13T06:00:00+00:00,230.0,2.8,95.0,11000.0,0,450.0,99570.0,4.3,6.7,POITIERS-BIARD,10.800000000000011,,,46.593833,0.314333,123,Poitiers,Vienne,86,Nouvelle-Aquitaine,75,4,2.500087253165825
07335,2025-04-05T09:00:00+00:00,170.0,6.0,48.0,54460.0,0,4380.0,99890.0,8.7,0.0,POITIERS-BIARD,17.600000000000023,,,46.593833,0.314333,123,Poitiers,Vienne,86,Nouvelle-Aquitaine,75,4,2.500087253165825
07335,2025-04-07T03:00:00+00:00,320.0,2.4,78.0,60000.0,0,,100410.0,2.7,0.0,POITIERS-BIARD,5.7000000000000455,,,46.593833,0.314333,123,Poitiers,Vienne,86,Nouvelle-Aquitaine,75,4,2.500087253165825
07335,2025-04-07T18:00:00+00:00,10.0,3.8,48.0,58670.0,0,,100650.0,4.8,0.0,POITIERS-BIARD,16.5,,,46.593833,0.314333,123,Poitiers,Vienne,86,Nouvelle-Aquitaine,75,4,2.500087253165825
07335,2025-04-12T12:00:00+00:00,170.0,3.9,95.0,8930.0,61,250.0,99370.0,6.2,3.2,POITIERS-BIARD,13.200000000000045,,,46.593833,0.314333,123,Poitiers,Vienne,86,Nouvelle-Aquitaine,75,4,2.500087253165825
07335,2025-04-12T21:00:00+00:00,220.0,7.9,95.0,9170.0,0,250.0,99320.0,10.9,6.7,POITIERS-BIARD,12.300000000000011,,,46.593833,0.314333,123,Poitiers,Vienne,86,Nouvelle-Aquitaine,75,4,2.500087253165825
07335,2025-04-07T21:00:00+00:00,50.0,2.5,53.0,60000.0,0,,100750.0,3.7,0.0,POITIERS-BIARD,12.400000000000034,,,46.593833,0.314333,123,Poitiers,Vienne,86,Nouvelle-Aquitaine,75,4,2.500087253165825
07335,2025-04-03T00:00:00+00:00,100.0,3.2,80.0,60000.0,0,3420.0,99740.0,5.2,1.2,POITIERS-BIARD,10.0,,,46.593833,0.314333,123,Poitiers,Vienne,86,Nouvelle-Aquitaine,75,4,2.500087253165825
07335,2025-04-04T00:00:00+00:00,70.0,1.9,73.0,60000.0,0,2820.0,100140.0,2.7,-0.1,POITIERS-BIARD,13.300000000000011,,,46.593833,0.314333,123,Poitiers,Vienne,86,Nouvelle-Aquitaine,75,4,2.500087253165825
07335,2025-04-04T12:00:00+00:00,120.0,4.1,37.0,36210.0,0,,99730.0,7.5,-0.1,POITIERS-BIARD,22.0,,,46.593833,0.314333,123,Poitiers,Vienne,86,Nouvelle-Aquitaine,75,4,2.500087253165825
07335,2025-04-10T12:00:00+00:00,60.0,6.6,36.0,25860.0,0,,101030.0,12.1,0.0,POITIERS-BIARD,18.900000000000034,,,46.593833,0.314333,123,Poitiers,Vienne,86,Nouvelle-Aquitaine,75,4,2.500087253165825
07335,2025-04-11T06:00:00+00:00,50.0,2.4,82.0,19530.0,0,,100590.0,3.9,0.0,POITIERS-BIARD,7.0,,,46.593833,0.314333,123,Poitiers,Vienne,86,Nouvelle-Aquitaine,75,4,2.500087253165825
07335,2025-04-13T21:00:00+00:00,250.0,2.0,85.0,52060.0,0,1250.0,99710.0,3.0,0.0,POITIERS-BIARD,8.0,,,46.593833,0.314333,123,Poitiers,Vienne,86,Nouvelle-Aquitaine,75,4,2.500087253165825
07335,2025-04-02T18:00:00+00:00,80.0,5.5,77.0,60000.0,0,1750.0,99580.0,10.1,1.2,POITIERS-BIARD,11.200000000000045,,,46.593833,0.314333,123,Poitiers,Vienne,86,Nouvelle-Aquitaine,75,4,2.500087253165825
07335,2025-04-09T06:00:00+00:00,320.0,2.1,84.0,46770.0,0,,100680.0,2.6,0.0,POITIERS-BIARD,4.100000000000023,,,46.593833,0.314333,123,Poitiers,Vienne,86,Nouvelle-Aquitaine,75,4,2.500087253165825
07335,2025-04-09T18:00:00+00:00,40.0,6.2,36.0,32790.0,0,,100630.0,9.4,0.0,POITIERS-BIARD,17.80000000000001,,,46.593833,0.314333,123,Poitiers,Vienne,86,Nouvelle-Aquitaine,75,4,2.500087253165825
07335,2025-04-14T06:00:00+00:00,140.0,0.8,93.0,17010.0,0,1250.0,99460.0,1.5,0.0,POITIERS-BIARD,7.100000000000023,,,46.593833,0.314333,123,Poitiers,Vienne,86,Nouvelle-Aquitaine,75,4,2.500087253165825
07335,2025-04-07T09:00:00+00:00,20.0,2.7,54.0,19960.0,0,,100640.0,4.6,0.0,POITIERS-BIARD,11.300000000000011,,,46.593833,0.314333,123,Poitiers,Vienne,86,Nouvelle-Aquitaine,75,4,2.500087253165825
07335,2025-04-07T12:00:00+00:00,20.0,3.6,44.0,19980.0,0,,100630.0,6.1,0.0,POITIERS-BIARD,17.5,,,46.593833,0.314333,123,Poitiers,Vienne,86,Nouvelle-Aquitaine,75,4,2.500087253165825
07335,2025-04-08T18:00:00+00:00,10.0,3.7,47.0,60000.0,0,,100700.0,5.1,0.0,POITIERS-BIARD,16.30000000000001,,,46.593833,0.314333,123,Poitiers,Vienne,86,Nouvelle-Aquitaine,75,4,2.500087253165825
07335,2025-04-12T15:00:00+00:00,170.0,5.1,95.0,16280.0,0,450.0,99080.0,8.7,6.3,POITIERS-BIARD,14.100000000000023,,,46.593833,0.314333,123,Poitiers,Vienne,86,Nouvelle-Aquitaine,75,4,2.500087253165825
07335,2025-04-01T03:00:00+00:00,70.0,4.7,68.0,19960.0,0,,100430.0,9.2,0.0,POITIERS-BIARD,7.7000000000000455,,,46.593833,0.314333,123,Poitiers,Vienne,86,Nouvelle-Aquitaine,75,4,2.500087253165825
07335,2025-04-01T18:00:00+00:00,60.0,7.1,43.0,33850.0,0,,99750.0,14.4,0.0,POITIERS-BIARD,13.700000000000045,,,46.593833,0.314333,123,Poitiers,Vienne,86,Nouvelle-Aquitaine,75,4,2.500087253165825
07335,2025-04-06T06:00:00+00:00,320.0,2.5,91.0,19910.0,0,7320.0,100050.0,3.0,0.0,POITIERS-BIARD,8.900000000000034,,,46.593833,0.314333,123,Poitiers,Vienne,86,Nouvelle-Aquitaine,75,4,2.500087253165825
07335,2025-04-07T00:00:00+00:00,20.0,3.3,74.0,60000.0,0,,100390.0,4.2,0.0,POITIERS-BIARD,7.800000000000011,,,46.593833,0.314333,123,Poitiers,Vienne,86,Nouvelle-Aquitaine,75,4,2.500087253165825
07335,2025-04-01T12:00:00+00:00,60.0,7.6,39.0,25360.0,0,,100110.0,13.7,0.0,POITIERS-BIARD,15.100000000000023,,,46.593833,0.314333,123,Poitiers,Vienne,86,Nouvelle-Aquitaine,75,4,2.500087253165825
07335,2025-04-02T03:00:00+00:00,70.0,5.9,64.0,60000.0,0,1250.0,99590.0,11.7,0.0,POITIERS-BIARD,7.600000000000023,,,46.593833,0.314333,123,Poitiers,Vienne,86,Nouvelle-Aquitaine,75,4,2.500087253165825
07335,2025-04-02T09:00:00+00:00,90.0,6.4,52.0,27730.0,0,,99620.0,12.6,0.0,POITIERS-BIARD,12.300000000000011,,,46.593833,0.314333,123,Poitiers,Vienne,86,Nouvelle-Aquitaine,75,4,2.500087253165825
07335,2025-04-03T21:00:00+00:00,0.0,0.0,65.0,60000.0,0,1750.0,100260.0,0.9,-0.1,POITIERS-BIARD,14.300000000000011,,,46.593833,0.314333,123,Poitiers,Vienne,86,Nouvelle-Aquitaine,75,4,2.500087253165825
07335,2025-04-05T06:00:00+00:00,110.0,1.8,57.0,60000.0,0,3960.0,99750.0,2.4,0.0,POITIERS-BIARD,12.900000000000034,,,46.593833,0.314333,123,Poitiers,Vienne,86,Nouvelle-Aquitaine,75,4,2.500087253165825
07335,2025-04-02T15:00:00+00:00,140.0,5.1,80.0,11370.0,61,1250.0,99540.0,8.4,1.0,POITIERS-BIARD,11.0,,,46.593833,0.314333,123,Poitiers,Vienne,86,Nouvelle-Aquitaine,75,4,2.500087253165825
07335,2025-04-05T18:00:00+00:00,310.0,3.2,61.0,54950.0,0,,99880.0,5.2,0.0,POITIERS-BIARD,19.100000000000023,,,46.593833,0.314333,123,Poitiers,Vienne,86,Nouvelle-Aquitaine,75,4,2.500087253165825
07335,2025-04-11T12:00:00+00:00,40.0,3.9,45.0,54200.0,0,,100370.0,7.0,0.0,POITIERS-BIARD,21.30000000000001,,,46.593833,0.314333,123,Poitiers,Vienne,86,Nouvelle-Aquitaine,75,4,2.500087253165825
07335,2025-04-10T00:00:00+00:00,40.0,5.6,63.0,50860.0,0,,100940.0,8.9,0.0,POITIERS-BIARD,10.900000000000034,,,46.593833,0.314333,123,Poitiers,Vienne,86,Nouvelle-Aquitaine,75,4,2.500087253165825
07335,2025-04-12T00:00:00+00:00,80.0,1.6,61.0,60000.0,0,7320.0,99640.0,2.6,0.0,POITIERS-BIARD,13.300000000000011,,,46.593833,0.314333,123,Poitiers,Vienne,86,Nouvelle-Aquitaine,75,4,2.500087253165825
07335,2025-04-15T09:00:00+00:00,220.0,7.1,80.0,19900.0,0,800.0,98460.0,12.7,4.8,POITIERS-BIARD,12.700000000000045,,,46.593833,0.314333,123,Poitiers,Vienne,86,Nouvelle-Aquitaine,75,4,2.500087253165825
07335,2025-04-08T21:00:00+00:00,30.0,2.5,53.0,60000.0,0,,100760.0,2.9,0.0,POITIERS-BIARD,12.0,,,46.593833,0.314333,123,Poitiers,Vienne,86,Nouvelle-Aquitaine,75,4,2.500087253165825
07335,2025-04-14T03:00:00+00:00,220.0,0.7,95.0,12990.0,0,800.0,99590.0,1.3,0.0,POITIERS-BIARD,6.300000000000011,,,46.593833,0.314333,123,Poitiers,Vienne,86,Nouvelle-Aquitaine,75,4,2.500087253165825
07335,2025-04-15T03:00:00+00:00,160.0,3.9,96.0,60000.0,0,,98290.0,6.9,4.8,POITIERS-BIARD,9.800000000000011,,,46.593833,0.314333,123,Poitiers,Vienne,86,Nouvelle-Aquitaine,75,4,2.500087253165825
07335,2025-04-15T15:00:00+00:00,240.0,8.4,63.0,19760.0,0,1250.0,98820.0,12.9,4.8,POITIERS-BIARD,14.200000000000045,,,46.593833,0.314333,123,Poitiers,Vienne,86,Nouvelle-Aquitaine,75,4,2.500087253165825
07335,2025-04-06T12:00:00+00:00,360.0,4.3,53.0,39470.0,0,,100120.0,7.0,0.0,POITIERS-BIARD,20.80000000000001,,,46.593833,0.314333,123,Poitiers,Vienne,86,Nouvelle-Aquitaine,75,4,2.500087253165825
07335,2025-04-08T12:00:00+00:00,60.0,3.8,30.0,50310.0,0,,100870.0,6.4,0.0,POITIERS-BIARD,18.5,,,46.593833,0.314333,123,Poitiers,Vienne,86,Nouvelle-Aquitaine,75,4,2.500087253165825
07335,2025-04-09T03:00:00+00:00,350.0,1.7,74.0,60000.0,0,,100650.0,2.0,0.0,POITIERS-BIARD,6.100000000000023,,,46.593833,0.314333,123,Poitiers,Vienne,86,Nouvelle-Aquitaine,75,4,2.500087253165825
07335,2025-04-13T15:00:00+00:00,240.0,3.9,63.0,57080.0,0,1250.0,99610.0,7.6,0.4,POITIERS-BIARD,15.400000000000034,,,46.593833,0.314333,123,Poitiers,Vienne,86,Nouvelle-Aquitaine,75,4,2.500087253165825
07335,2025-04-14T18:00:00+00:00,10.0,2.3,74.0,60000.0,0,3420.0,98570.0,2.9,-0.1,POITIERS-BIARD,15.200000000000045,,,46.593833,0.314333,123,Poitiers,Vienne,86,Nouvelle-Aquitaine,75,4,2.500087253165825
07335,2025-04-01T09:00:00+00:00,70.0,7.0,51.0,37310.0,0,7320.0,100300.0,12.4,0.0,POITIERS-BIARD,11.0,,,46.593833,0.314333,123,Poitiers,Vienne,86,Nouvelle-Aquitaine,75,4,2.500087253165825
07335,2025-04-04T03:00:00+00:00,50.0,1.8,80.0,57040.0,0,3960.0,100020.0,2.2,-0.1,POITIERS-BIARD,11.400000000000034,,,46.593833,0.314333,123,Poitiers,Vienne,86,Nouvelle-Aquitaine,75,4,2.500087253165825
07335,2025-04-06T18:00:00+00:00,360.0,4.6,51.0,51210.0,0,,100130.0,6.4,0.0,POITIERS-BIARD,18.900000000000034,,,46.593833,0.314333,123,Poitiers,Vienne,86,Nouvelle-Aquitaine,75,4,2.500087253165825
07335,2025-04-08T00:00:00+00:00,10.0,2.0,61.0,60000.0,0,,100810.0,2.5,0.0,POITIERS-BIARD,8.700000000000045,,,46.593833,0.314333,123,Poitiers,Vienne,86,Nouvelle-Aquitaine,75,4,2.500087253165825
07335,2025-04-03T09:00:00+00:00,120.0,3.9,68.0,55480.0,0,2250.0,100000.0,6.9,1.2,POITIERS-BIARD,13.900000000000034,,,46.593833,0.314333,123,Poitiers,Vienne,86,Nouvelle-Aquitaine,75,4,2.500087253165825
07335,2025-04-04T21:00:00+00:00,140.0,1.6,48.0,60000.0,0,4200.0,99670.0,2.9,-0.1,POITIERS-BIARD,17.5,,,46.593833,0.314333,123,Poitiers,Vienne,86,Nouvelle-Aquitaine,75,4,2.500087253165825
07335,2025-04-08T06:00:00+00:00,330.0,1.2,80.0,56810.0,0,,100860.0,1.6,0.0,POITIERS-BIARD,3.6000000000000227,,,46.593833,0.314333,123,Poitiers,Vienne,86,Nouvelle-Aquitaine,75,4,2.500087253165825
07335,2025-04-12T03:00:00+00:00,130.0,2.9,66.0,60000.0,0,4980.0,99460.0,4.5,0.0,POITIERS-BIARD,13.0,,,46.593833,0.314333,123,Poitiers,Vienne,86,Nouvelle-Aquitaine,75,4,2.500087253165825
07335,2025-04-12T09:00:00+00:00,190.0,6.9,93.0,18690.0,61,250.0,99460.0,9.8,1.0,POITIERS-BIARD,12.700000000000045,,,46.593833,0.314333,123,Poitiers,Vienne,86,Nouvelle-Aquitaine,75,4,2.500087253165825
07335,2025-04-03T18:00:00+00:00,150.0,2.8,52.0,60000.0,0,3120.0,100150.0,4.7,-0.1,POITIERS-BIARD,17.0,,,46.593833,0.314333,123,Poitiers,Vienne,86,Nouvelle-Aquitaine,75,4,2.500087253165825
07335,2025-04-08T03:00:00+00:00,350.0,2.0,77.0,60000.0,0,,100800.0,2.4,0.0,POITIERS-BIARD,5.0,,,46.593833,0.314333,123,Poitiers,Vienne,86,Nouvelle-Aquitaine,75,4,2.500087253165825
07335,2025-04-12T06:00:00+00:00,190.0,4.2,66.0,60000.0,0,3780.0,99420.0,6.2,0.0,POITIERS-BIARD,13.400000000000034,,,46.593833,0.314333,123,Poitiers,Vienne,86,Nouvelle-Aquitaine,75,4,2.500087253165825
07335,2025-04-07T06:00:00+00:00,350.0,1.8,75.0,60000.0,0,,100530.0,2.3,0.0,POITIERS-BIARD,4.0,,,46.593833,0.314333,123,Poitiers,Vienne,86,Nouvelle-Aquitaine,75,4,2.500087253165825
07335,2025-04-08T15:00:00+00:00,20.0,3.4,30.0,55460.0,0,,100720.0,5.9,0.0,POITIERS-BIARD,20.5,,,46.593833,0.314333,123,Poitiers,Vienne,86,Nouvelle-Aquitaine,75,4,2.500087253165825
07335,2025-04-03T03:00:00+00:00,90.0,3.0,79.0,60000.0,0,2700.0,99790.0,5.5,1.2,POITIERS-BIARD,9.5,,,46.593833,0.314333,123,Poitiers,Vienne,86,Nouvelle-Aquitaine,75,4,2.500087253165825
07335,2025-04-03T12:00:00+00:00,160.0,3.8,58.0,59330.0,0,1750.0,100130.0,6.0,0.8,POITIERS-BIARD,16.5,,,46.593833,0.314333,123,Poitiers,Vienne,86,Nouvelle-Aquitaine,75,4,2.500087253165825
07335,2025-04-04T09:00:00+00:00,100.0,2.4,60.0,51150.0,0,,99870.0,4.4,-0.1,POITIERS-BIARD,17.100000000000023,,,46.593833,0.314333,123,Poitiers,Vienne,86,Nouvelle-Aquitaine,75,4,2.500087253165825
07335,2025-04-04T15:00:00+00:00,170.0,4.0,40.0,60000.0,0,4920.0,99610.0,6.9,-0.1,POITIERS-BIARD,21.700000000000045,,,46.593833,0.314333,123,Poitiers,Vienne,86,Nouvelle-Aquitaine,75,4,2.500087253165825
07335,2025-04-13T12:00:00+00:00,240.0,5.0,65.0,52250.0,0,1250.0,99670.0,8.7,3.5,POITIERS-BIARD,14.100000000000023,,,46.593833,0.314333,123,Poitiers,Vienne,86,Nouvelle-Aquitaine,75,4,2.500087253165825
07335,2025-04-13T00:00:00+00:00,220.0,6.3,91.0,14880.0,0,450.0,99410.0,9.6,6.7,POITIERS-BIARD,11.800000000000011,,,46.593833,0.314333,123,Poitiers,Vienne,86,Nouvelle-Aquitaine,75,4,2.500087253165825
07335,2025-04-13T03:00:00+00:00,220.0,4.3,94.0,11780.0,0,450.0,99430.0,6.4,6.7,POITIERS-BIARD,11.400000000000034,,,46.593833,0.314333,123,Poitiers,Vienne,86,Nouvelle-Aquitaine,75,4,2.500087253165825
07335,2025-04-15T12:00:00+00:00,220.0,10.7,72.0,19820.0,0,800.0,98670.0,15.6,4.8,POITIERS-BIARD,13.200000000000045,,,46.593833,0.314333,123,Poitiers,Vienne,86,Nouvelle-Aquitaine,75,4,2.500087253165825
07335,2025-04-01T15:00:00+00:00,70.0,7.5,34.0,18770.0,0,,99820.0,13.5,0.0,POITIERS-BIARD,16.5,,,46.593833,0.314333,123,Poitiers,Vienne,86,Nouvelle-Aquitaine,75,4,2.500087253165825
07335,2025-04-14T21:00:00+00:00,150.0,2.7,94.0,15800.0,61,1750.0,98580.0,3.8,2.0,POITIERS-BIARD,11.900000000000034,,,46.593833,0.314333,123,Poitiers,Vienne,86,Nouvelle-Aquitaine,75,4,2.500087253165825
07335,2025-04-01T00:00:00+00:00,70.0,4.5,60.0,33300.0,0,,100640.0,8.3,0.2,POITIERS-BIARD,9.800000000000011,,,46.593833,0.314333,123,Poitiers,Vienne,86,Nouvelle-Aquitaine,75,4,2.500087253165825
07335,2025-04-06T09:00:00+00:00,350.0,1.9,65.0,19910.0,0,,100130.0,3.4,0.0,POITIERS-BIARD,15.400000000000034,,,46.593833,0.314333,123,Poitiers,Vienne,86,Nouvelle-Aquitaine,75,4,2.500087253165825
07335,2025-04-14T15:00:00+00:00,10.0,2.3,65.0,58470.0,0,1750.0,98800.0,3.5,-0.1,POITIERS-BIARD,16.5,,,46.593833,0.314333,123,Poitiers,Vienne,86,Nouvelle-Aquitaine,75,4,2.500087253165825
07335,2025-04-14T00:00:00+00:00,190.0,1.8,91.0,34730.0,0,1250.0,99670.0,2.4,0.0,POITIERS-BIARD,7.100000000000023,,,46.593833,0.314333,123,Poitiers,Vienne,86,Nouvelle-Aquitaine,75,4,2.500087253165825
07335,2025-04-02T21:00:00+00:00,80.0,4.2,78.0,60000.0,0,2250.0,99650.0,7.7,1.2,POITIERS-BIARD,10.900000000000034,,,46.593833,0.314333,123,Poitiers,Vienne,86,Nouvelle-Aquitaine,75,4,2.500087253165825
07335,2025-04-03T06:00:00+00:00,110.0,2.3,77.0,60000.0,0,1750.0,99880.0,4.7,1.2,POITIERS-BIARD,10.0,,,46.593833,0.314333,123,Poitiers,Vienne,86,Nouvelle-Aquitaine,75,4,2.500087253165825
07335,2025-04-09T00:00:00+00:00,10.0,1.9,67.0,60000.0,0,,100720.0,2.2,0.0,POITIERS-BIARD,8.0,,,46.593833,0.314333,123,Poitiers,Vienne,86,Nouvelle-Aquitaine,75,4,2.500087253165825
07335,2025-04-10T15:00:00+00:00,60.0,5.7,33.0,19890.0,0,,100870.0,11.5,0.0,POITIERS-BIARD,20.700000000000045,,,46.593833,0.314333,123,Poitiers,Vienne,86,Nouvelle-Aquitaine,75,4,2.500087253165825
07335,2025-04-02T06:00:00+00:00,50.0,4.6,70.0,60000.0,0,1750.0,99630.0,7.5,0.0,POITIERS-BIARD,6.600000000000023,,,46.593833,0.314333,123,Poitiers,Vienne,86,Nouvelle-Aquitaine,75,4,2.500087253165825
07335,2025-04-06T00:00:00+00:00,320.0,3.4,83.0,59810.0,0,,100000.0,4.7,0.0,POITIERS-BIARD,12.300000000000011,,,46.593833,0.314333,123,Poitiers,Vienne,86,Nouvelle-Aquitaine,75,4,2.500087253165825
07335,2025-04-06T03:00:00+00:00,340.0,3.2,89.0,36320.0,0,,99960.0,4.7,0.0,POITIERS-BIARD,11.400000000000034,,,46.593833,0.314333,123,Poitiers,Vienne,86,Nouvelle-Aquitaine,75,4,2.500087253165825
07335,2025-04-11T18:00:00+00:00,80.0,3.1,34.0,54540.0,0,,99930.0,5.6,0.0,POITIERS-BIARD,21.30000000000001,,,46.593833,0.314333,123,Poitiers,Vienne,86,Nouvelle-Aquitaine,75,4,2.500087253165825
07335,2025-04-12T18:00:00+00:00,210.0,8.4,96.0,4660.0,51,250.0,99170.0,12.8,6.5,POITIERS-BIARD,12.800000000000011,,,46.593833,0.314333,123,Poitiers,Vienne,86,Nouvelle-Aquitaine,75,4,2.500087253165825
07335,2025-04-15T00:00:00+00:00,150.0,3.0,96.0,47450.0,0,2820.0,98430.0,4.6,4.8,POITIERS-BIARD,11.200000000000045,,,46.593833,0.314333,123,Poitiers,Vienne,86,Nouvelle-Aquitaine,75,4,2.500087253165825
07335,2025-04-01T21:00:00+00:00,50.0,6.3,51.0,60000.0,0,,99870.0,11.4,0.0,POITIERS-BIARD,9.0,,,46.593833,0.314333,123,Poitiers,Vienne,86,Nouvelle-Aquitaine,75,4,2.500087253165825
07335,2025-04-06T15:00:00+00:00,360.0,5.8,38.0,30690.0,0,,100060.0,9.3,0.0,POITIERS-BIARD,21.80000000000001,,,46.593833,0.314333,123,Poitiers,Vienne,86,Nouvelle-Aquitaine,75,4,2.500087253165825
07335,2025-04-10T06:00:00+00:00,40.0,4.4,81.0,15660.0,0,,101060.0,6.6,0.0,POITIERS-BIARD,7.2000000000000455,,,46.593833,0.314333,123,Poitiers,Vienne,86,Nouvelle-Aquitaine,75,4,2.500087253165825
07335,2025-04-10T18:00:00+00:00,60.0,4.0,39.0,39960.0,0,,100760.0,7.4,0.0,POITIERS-BIARD,18.80000000000001,,,46.593833,0.314333,123,Poitiers,Vienne,86,Nouvelle-Aquitaine,75,4,2.500087253165825
07335,2025-04-07T15:00:00+00:00,20.0,4.5,41.0,60000.0,0,,100600.0,7.3,0.0,POITIERS-BIARD,19.900000000000034,,,46.593833,0.314333,123,Poitiers,Vienne,86,Nouvelle-Aquitaine,75,4,2.500087253165825
07335,2025-04-01T06:00:00+00:00,60.0,3.1,74.0,45100.0,0,,100380.0,5.3,0.0,POITIERS-BIARD,5.800000000000011,,,46.593833,0.314333,123,Poitiers,Vienne,86,Nouvelle-Aquitaine,75,4,2.500087253165825
07335,2025-04-04T06:00:00+00:00,70.0,2.0,84.0,55450.0,0,,99920.0,3.1,-0.1,POITIERS-BIARD,10.300000000000011,,,46.593833,0.314333,123,Poitiers,Vienne,86,Nouvelle-Aquitaine,75,4,2.500087253165825
07335,2025-04-15T21:00:00+00:00,250.0,2.9,83.0,60000.0,0,5340.0,99180.0,4.4,2.8,POITIERS-BIARD,7.5,,,46.593833,0.314333,123,Poitiers,Vienne,86,Nouvelle-Aquitaine,75,4,2.500087253165825
07335,2025-04-09T09:00:00+00:00,20.0,4.3,55.0,18800.0,0,,100730.0,6.6,0.0,POITIERS-BIARD,14.300000000000011,,,46.593833,0.314333,123,Poitiers,Vienne,86,Nouvelle-Aquitaine,75,4,2.500087253165825
07335,2025-04-09T15:00:00+00:00,40.0,6.5,34.0,24780.0,0,,100560.0,10.2,0.0,POITIERS-BIARD,19.5,,,46.593833,0.314333,123,Poitiers,Vienne,86,Nouvelle-Aquitaine,75,4,2.500087253165825
07335,2025-04-06T21:00:00+00:00,360.0,3.0,65.0,60000.0,0,,100320.0,4.1,0.0,POITIERS-BIARD,12.5,,,46.593833,0.314333,123,Poitiers,Vienne,86,Nouvelle-Aquitaine,75,4,2.500087253165825
07335,2025-04-18T18:00:00+00:00,150.0,2.5,52.0,60000.0,0,2760.0,99090.0,4.9,0.2,POITIERS-BIARD,18.900000000000034,,,46.593833,0.314333,123,Poitiers,Vienne,86,Nouvelle-Aquitaine,75,4,2.500087253165825
07335,2025-04-20T09:00:00+00:00,130.0,6.1,95.0,6850.0,63,450.0,98550.0,11.2,37.6,POITIERS-BIARD,8.100000000000023,,,46.593833,0.314333,123,Poitiers,Vienne,86,Nouvelle-Aquitaine,75,4,2.500087253165825
07335,2025-04-22T15:00:00+00:00,310.0,4.0,64.0,57220.0,0,2520.0,100580.0,6.4,1.4,POITIERS-BIARD,15.200000000000045,,,46.593833,0.314333,123,Poitiers,Vienne,86,Nouvelle-Aquitaine,75,4,2.500087253165825
07335,2025-04-26T12:00:00+00:00,330.0,5.3,76.0,16880.0,0,800.0,100340.0,8.2,0.0,POITIERS-BIARD,15.800000000000011,,,46.593833,0.314333,123,Poitiers,Vienne,86,Nouvelle-Aquitaine,75,4,2.500087253165825
07335,2025-04-25T18:00:00+00:00,70.0,5.3,69.0,34610.0,0,800.0,100270.0,9.2,0.0,POITIERS-BIARD,14.5,,,46.593833,0.314333,123,Poitiers,Vienne,86,Nouvelle-Aquitaine,75,4,2.500087253165825
07335,2025-04-26T06:00:00+00:00,20.0,3.4,97.0,4570.0,10,3780.0,100240.0,4.8,0.0,POITIERS-BIARD,8.800000000000011,,,46.593833,0.314333,123,Poitiers,Vienne,86,Nouvelle-Aquitaine,75,4,2.500087253165825
07335,2025-04-29T21:00:00+00:00,80.0,3.1,64.0,60000.0,0,,100490.0,6.1,0.0,POITIERS-BIARD,19.100000000000023,,,46.593833,0.314333,123,Poitiers,Vienne,86,Nouvelle-Aquitaine,75,4,2.500087253165825
07335,2025-04-16T00:00:00+00:00,210.0,2.7,94.0,60000.0,0,5040.0,99290.0,3.2,0.0,POITIERS-BIARD,5.300000000000011,,,46.593833,0.314333,123,Poitiers,Vienne,86,Nouvelle-Aquitaine,75,4,2.500087253165825
07335,2025-04-17T06:00:00+00:00,220.0,2.8,98.0,18580.0,0,,99830.0,3.3,0.2,POITIERS-BIARD,2.8000000000000114,,,46.593833,0.314333,123,Poitiers,Vienne,86,Nouvelle-Aquitaine,75,4,2.500087253165825
07335,2025-04-19T12:00:00+00:00,70.0,2.4,95.0,8890.0,52,250.0,98690.0,4.7,4.4,POITIERS-BIARD,13.0,,,46.593833,0.314333,123,Poitiers,Vienne,86,Nouvelle-Aquitaine,75,4,2.500087253165825
07335,2025-04-29T15:00:00+00:00,80.0,4.4,43.0,45480.0,0,,100480.0,8.3,0.0,POITIERS-BIARD,25.0,,,46.593833,0.314333,123,Poitiers,Vienne,86,Nouvelle-Aquitaine,75,4,2.500087253165825
07335,2025-04-30T03:00:00+00:00,50.0,1.7,89.0,54050.0,0,,100520.0,2.1,0.0,POITIERS-BIARD,12.5,,,46.593833,0.314333,123,Poitiers,Vienne,86,Nouvelle-Aquitaine,75,4,2.500087253165825
07335,2025-04-16T18:00:00+00:00,260.0,6.0,56.0,21830.0,0,1250.0,99580.0,8.5,0.0,POITIERS-BIARD,12.600000000000023,,,46.593833,0.314333,123,Poitiers,Vienne,86,Nouvelle-Aquitaine,75,4,2.500087253165825
07335,2025-04-17T09:00:00+00:00,260.0,2.6,67.0,59620.0,0,800.0,99930.0,3.9,0.2,POITIERS-BIARD,10.400000000000034,,,46.593833,0.314333,123,Poitiers,Vienne,86,Nouvelle-Aquitaine,75,4,2.500087253165825
07335,2025-04-21T09:00:00+00:00,260.0,3.8,91.0,11270.0,0,450.0,99900.0,5.9,17.9,POITIERS-BIARD,12.300000000000011,,,46.593833,0.314333,123,Poitiers,Vienne,86,Nouvelle-Aquitaine,75,4,2.500087253165825
07335,2025-04-26T21:00:00+00:00,310.0,4.1,96.0,4820.0,10,1750.0,100620.0,6.5,15.9,POITIERS-BIARD,12.0,,,46.593833,0.314333,123,Poitiers,Vienne,86,Nouvelle-Aquitaine,75,4,2.500087253165825
07335,2025-04-27T00:00:00+00:00,330.0,4.0,97.0,4000.0,10,,100690.0,5.9,15.9,POITIERS-BIARD,11.300000000000011,,,46.593833,0.314333,123,Poitiers,Vienne,86,Nouvelle-Aquitaine,75,4,2.500087253165825
07335,2025-04-27T21:00:00+00:00,260.0,0.5,84.0,18490.0,0,2700.0,101100.0,0.9,-0.1,POITIERS-BIARD,12.300000000000011,,,46.593833,0.314333,123,Poitiers,Vienne,86,Nouvelle-Aquitaine,75,4,2.500087253165825
07335,2025-04-19T09:00:00+00:00,150.0,1.3,92.0,16760.0,61,1250.0,98820.0,2.3,2.0,POITIERS-BIARD,12.100000000000023,,,46.593833,0.314333,123,Poitiers,Vienne,86,Nouvelle-Aquitaine,75,4,2.500087253165825
07335,2025-04-21T03:00:00+00:00,230.0,4.5,97.0,10510.0,0,1750.0,99490.0,5.9,35.3,POITIERS-BIARD,9.800000000000011,,,46.593833,0.314333,123,Poitiers,Vienne,86,Nouvelle-Aquitaine,75,4,2.500087253165825
07335,2025-04-27T18:00:00+00:00,50.0,2.1,63.0,57440.0,0,2700.0,101000.0,4.0,13.1,POITIERS-BIARD,18.5,,,46.593833,0.314333,123,Poitiers,Vienne,86,Nouvelle-Aquitaine,75,4,2.500087253165825
07335,2025-04-16T21:00:00+00:00,250.0,3.1,81.0,60000.0,0,,99750.0,4.0,0.0,POITIERS-BIARD,7.5,,,46.593833,0.314333,123,Poitiers,Vienne,86,Nouvelle-Aquitaine,75,4,2.500087253165825
07335,2025-04-20T03:00:00+00:00,170.0,7.3,96.0,7570.0,61,250.0,98490.0,12.2,20.2,POITIERS-BIARD,8.300000000000011,,,46.593833,0.314333,123,Poitiers,Vienne,86,Nouvelle-Aquitaine,75,4,2.500087253165825
07335,2025-04-26T09:00:00+00:00,330.0,3.5,89.0,9670.0,0,250.0,100340.0,5.4,0.0,POITIERS-BIARD,12.5,,,46.593833,0.314333,123,Poitiers,Vienne,86,Nouvelle-Aquitaine,75,4,2.500087253165825
07335,2025-04-26T18:00:00+00:00,350.0,2.5,92.0,3610.0,63,800.0,100540.0,3.7,2.8,POITIERS-BIARD,13.400000000000034,,,46.593833,0.314333,123,Poitiers,Vienne,86,Nouvelle-Aquitaine,75,4,2.500087253165825
07335,2025-04-28T03:00:00+00:00,330.0,1.9,94.0,15070.0,0,,100970.0,2.2,0.0,POITIERS-BIARD,8.400000000000034,,,46.593833,0.314333,123,Poitiers,Vienne,86,Nouvelle-Aquitaine,75,4,2.500087253165825
07335,2025-04-28T21:00:00+00:00,70.0,2.1,65.0,60000.0,0,,100770.0,3.4,0.0,POITIERS-BIARD,16.900000000000034,,,46.593833,0.314333,123,Poitiers,Vienne,86,Nouvelle-Aquitaine,75,4,2.500087253165825
07335,2025-04-29T06:00:00+00:00,110.0,1.1,80.0,41540.0,0,,100770.0,2.5,0.0,POITIERS-BIARD,13.800000000000011,,,46.593833,0.314333,123,Poitiers,Vienne,86,Nouvelle-Aquitaine,75,4,2.500087253165825
07335,2025-04-18T09:00:00+00:00,150.0,5.3,65.0,34230.0,0,1750.0,99820.0,8.4,0.6,POITIERS-BIARD,14.0,,,46.593833,0.314333,123,Poitiers,Vienne,86,Nouvelle-Aquitaine,75,4,2.500087253165825
07335,2025-04-20T06:00:00+00:00,140.0,6.2,97.0,5150.0,63,250.0,98560.0,11.2,33.1,POITIERS-BIARD,7.7000000000000455,,,46.593833,0.314333,123,Poitiers,Vienne,86,Nouvelle-Aquitaine,75,4,2.500087253165825
07335,2025-04-23T18:00:00+00:00,270.0,4.6,70.0,46060.0,0,2250.0,100220.0,8.5,8.7,POITIERS-BIARD,14.700000000000045,,,46.593833,0.314333,123,Poitiers,Vienne,86,Nouvelle-Aquitaine,75,4,2.500087253165825
07335,2025-04-27T12:00:00+00:00,350.0,3.2,67.0,4860.0,10,800.0,101010.0,6.4,15.9,POITIERS-BIARD,18.30000000000001,,,46.593833,0.314333,123,Poitiers,Vienne,86,Nouvelle-Aquitaine,75,4,2.500087253165825
07335,2025-04-28T12:00:00+00:00,80.0,4.6,58.0,58040.0,0,,100890.0,8.5,0.0,POITIERS-BIARD,21.100000000000023,,,46.593833,0.314333,123,Poitiers,Vienne,86,Nouvelle-Aquitaine,75,4,2.500087253165825
07335,2025-04-29T18:00:00+00:00,70.0,3.8,46.0,49130.0,0,,100390.0,6.6,0.0,POITIERS-BIARD,23.700000000000045,,,46.593833,0.314333,123,Poitiers,Vienne,86,Nouvelle-Aquitaine,75,4,2.500087253165825
07335,2025-04-22T12:00:00+00:00,320.0,3.4,69.0,19970.0,0,800.0,100560.0,5.7,1.4,POITIERS-BIARD,14.600000000000023,,,46.593833,0.314333,123,Poitiers,Vienne,86,Nouvelle-Aquitaine,75,4,2.500087253165825
07335,2025-04-23T15:00:00+00:00,280.0,7.4,62.0,19190.0,0,1250.0,100040.0,12.8,8.7,POITIERS-BIARD,16.80000000000001,,,46.593833,0.314333,123,Poitiers,Vienne,86,Nouvelle-Aquitaine,75,4,2.500087253165825
07335,2025-04-24T21:00:00+00:00,10.0,1.5,83.0,48940.0,0,1250.0,100720.0,1.9,0.0,POITIERS-BIARD,12.0,,,46.593833,0.314333,123,Poitiers,Vienne,86,Nouvelle-Aquitaine,75,4,2.500087253165825
07335,2025-04-25T12:00:00+00:00,80.0,4.3,60.0,19640.0,0,1250.0,100460.0,9.5,0.0,POITIERS-BIARD,17.100000000000023,,,46.593833,0.314333,123,Poitiers,Vienne,86,Nouvelle-Aquitaine,75,4,2.500087253165825
07335,2025-04-19T03:00:00+00:00,130.0,3.1,92.0,60000.0,0,7440.0,98840.0,5.7,0.8,POITIERS-BIARD,11.5,,,46.593833,0.314333,123,Poitiers,Vienne,86,Nouvelle-Aquitaine,75,4,2.500087253165825
07335,2025-04-20T15:00:00+00:00,270.0,5.5,94.0,43760.0,0,450.0,98650.0,8.5,42.2,POITIERS-BIARD,10.700000000000045,,,46.593833,0.314333,123,Poitiers,Vienne,86,Nouvelle-Aquitaine,75,4,2.500087253165825
07335,2025-04-24T06:00:00+00:00,250.0,2.6,99.0,8900.0,0,150.0,100640.0,3.8,4.3,POITIERS-BIARD,10.100000000000023,,,46.593833,0.314333,123,Poitiers,Vienne,86,Nouvelle-Aquitaine,75,4,2.500087253165825
07335,2025-04-24T18:00:00+00:00,10.0,3.4,73.0,60000.0,0,1750.0,100660.0,4.6,0.0,POITIERS-BIARD,13.5,,,46.593833,0.314333,123,Poitiers,Vienne,86,Nouvelle-Aquitaine,75,4,2.500087253165825
07335,2025-04-18T03:00:00+00:00,150.0,2.2,96.0,56190.0,0,,100010.0,2.7,0.6,POITIERS-BIARD,4.600000000000023,,,46.593833,0.314333,123,Poitiers,Vienne,86,Nouvelle-Aquitaine,75,4,2.500087253165825
07335,2025-04-18T21:00:00+00:00,110.0,2.5,57.0,60000.0,0,2700.0,98910.0,6.6,0.2,POITIERS-BIARD,17.0,,,46.593833,0.314333,123,Poitiers,Vienne,86,Nouvelle-Aquitaine,75,4,2.500087253165825
07335,2025-04-19T21:00:00+00:00,210.0,3.2,97.0,16130.0,58,450.0,98530.0,4.5,15.4,POITIERS-BIARD,11.300000000000011,,,46.593833,0.314333,123,Poitiers,Vienne,86,Nouvelle-Aquitaine,75,4,2.500087253165825
07335,2025-04-21T18:00:00+00:00,220.0,4.4,90.0,55860.0,0,800.0,100100.0,6.4,3.0,POITIERS-BIARD,13.600000000000023,,,46.593833,0.314333,123,Poitiers,Vienne,86,Nouvelle-Aquitaine,75,4,2.500087253165825
07335,2025-04-16T12:00:00+00:00,220.0,3.6,56.0,47060.0,0,1250.0,99590.0,7.6,0.0,POITIERS-BIARD,13.400000000000034,,,46.593833,0.314333,123,Poitiers,Vienne,86,Nouvelle-Aquitaine,75,4,2.500087253165825
07335,2025-04-17T00:00:00+00:00,160.0,1.5,91.0,60000.0,0,,99790.0,2.1,0.0,POITIERS-BIARD,5.900000000000034,,,46.593833,0.314333,123,Poitiers,Vienne,86,Nouvelle-Aquitaine,75,4,2.500087253165825
07335,2025-04-17T03:00:00+00:00,220.0,2.7,96.0,18080.0,0,,99780.0,3.2,0.0,POITIERS-BIARD,2.3000000000000114,,,46.593833,0.314333,123,Poitiers,Vienne,86,Nouvelle-Aquitaine,75,4,2.500087253165825
07335,2025-04-21T00:00:00+00:00,240.0,4.4,94.0,60000.0,0,1750.0,99360.0,6.0,39.3,POITIERS-BIARD,9.700000000000045,,,46.593833,0.314333,123,Poitiers,Vienne,86,Nouvelle-Aquitaine,75,4,2.500087253165825
07335,2025-04-24T09:00:00+00:00,320.0,3.7,81.0,40370.0,0,450.0,100710.0,5.8,0.4,POITIERS-BIARD,13.0,,,46.593833,0.314333,123,Poitiers,Vienne,86,Nouvelle-Aquitaine,75,4,2.500087253165825
07335,2025-04-21T06:00:00+00:00,240.0,5.0,97.0,8910.0,60,1250.0,99660.0,7.1,22.4,POITIERS-BIARD,10.100000000000023,,,46.593833,0.314333,123,Poitiers,Vienne,86,Nouvelle-Aquitaine,75,4,2.500087253165825
07335,2025-04-23T06:00:00+00:00,190.0,7.9,97.0,8030.0,61,150.0,100200.0,12.1,4.4,POITIERS-BIARD,9.300000000000011,,,46.593833,0.314333,123,Poitiers,Vienne,86,Nouvelle-Aquitaine,75,4,2.500087253165825
07335,2025-04-27T06:00:00+00:00,320.0,3.8,97.0,3720.0,10,,100870.0,5.6,15.9,POITIERS-BIARD,8.200000000000045,,,46.593833,0.314333,123,Poitiers,Vienne,86,Nouvelle-Aquitaine,75,4,2.500087253165825
07335,2025-04-18T06:00:00+00:00,140.0,2.9,89.0,59830.0,0,1750.0,99930.0,4.6,0.6,POITIERS-BIARD,6.7000000000000455,,,46.593833,0.314333,123,Poitiers,Vienne,86,Nouvelle-Aquitaine,75,4,2.500087253165825
07335,2025-04-19T15:00:00+00:00,270.0,2.8,96.0,4650.0,63,250.0,98590.0,4.6,13.3,POITIERS-BIARD,11.5,,,46.593833,0.314333,123,Poitiers,Vienne,86,Nouvelle-Aquitaine,75,4,2.500087253165825
07335,2025-04-23T03:00:00+00:00,200.0,4.2,94.0,16270.0,61,1750.0,100500.0,6.5,0.2,POITIERS-BIARD,8.5,,,46.593833,0.314333,123,Poitiers,Vienne,86,Nouvelle-Aquitaine,75,4,2.500087253165825
07335,2025-04-25T21:00:00+00:00,30.0,3.4,89.0,27600.0,0,,100350.0,4.6,0.0,POITIERS-BIARD,9.300000000000011,,,46.593833,0.314333,123,Poitiers,Vienne,86,Nouvelle-Aquitaine,75,4,2.500087253165825
07335,2025-04-29T09:00:00+00:00,90.0,2.3,58.0,60000.0,0,,100750.0,4.5,0.0,POITIERS-BIARD,20.80000000000001,,,46.593833,0.314333,123,Poitiers,Vienne,86,Nouvelle-Aquitaine,75,4,2.500087253165825
07335,2025-04-30T12:00:00+00:00,120.0,4.0,40.0,43680.0,0,,100440.0,7.9,0.2,POITIERS-BIARD,25.0,,,46.593833,0.314333,123,Poitiers,Vienne,86,Nouvelle-Aquitaine,75,4,2.500087253165825
07335,2025-04-22T18:00:00+00:00,240.0,2.6,72.0,59020.0,0,1250.0,100600.0,3.5,-0.1,POITIERS-BIARD,13.600000000000023,,,46.593833,0.314333,123,Poitiers,Vienne,86,Nouvelle-Aquitaine,75,4,2.500087253165825
07335,2025-04-24T12:00:00+00:00,300.0,3.3,69.0,51540.0,0,1750.0,100720.0,5.7,0.0,POITIERS-BIARD,15.0,,,46.593833,0.314333,123,Poitiers,Vienne,86,Nouvelle-Aquitaine,75,4,2.500087253165825
07335,2025-04-24T15:00:00+00:00,320.0,3.9,65.0,46320.0,0,1750.0,100670.0,6.1,0.0,POITIERS-BIARD,15.300000000000011,,,46.593833,0.314333,123,Poitiers,Vienne,86,Nouvelle-Aquitaine,75,4,2.500087253165825
07335,2025-04-27T09:00:00+00:00,340.0,2.7,87.0,6490.0,0,250.0,101020.0,5.1,15.9,POITIERS-BIARD,13.600000000000023,,,46.593833,0.314333,123,Poitiers,Vienne,86,Nouvelle-Aquitaine,75,4,2.500087253165825
07335,2025-04-28T09:00:00+00:00,80.0,3.1,67.0,19710.0,0,,101000.0,6.0,0.0,POITIERS-BIARD,17.600000000000023,,,46.593833,0.314333,123,Poitiers,Vienne,86,Nouvelle-Aquitaine,75,4,2.500087253165825
07335,2025-04-28T18:00:00+00:00,60.0,4.1,49.0,56010.0,0,1750.0,100700.0,7.1,0.0,POITIERS-BIARD,21.600000000000023,,,46.593833,0.314333,123,Poitiers,Vienne,86,Nouvelle-Aquitaine,75,4,2.500087253165825
07335,2025-04-29T03:00:00+00:00,70.0,1.3,88.0,60000.0,0,,100720.0,2.1,0.0,POITIERS-BIARD,11.700000000000045,,,46.593833,0.314333,123,Poitiers,Vienne,86,Nouvelle-Aquitaine,75,4,2.500087253165825
07335,2025-04-30T15:00:00+00:00,110.0,5.0,34.0,19940.0,0,2250.0,100210.0,9.3,0.2,POITIERS-BIARD,26.600000000000023,,,46.593833,0.314333,123,Poitiers,Vienne,86,Nouvelle-Aquitaine,75,4,2.500087253165825
07335,2025-04-20T18:00:00+00:00,250.0,4.7,92.0,60000.0,0,800.0,98930.0,6.9,40.7,POITIERS-BIARD,9.800000000000011,,,46.593833,0.314333,123,Poitiers,Vienne,86,Nouvelle-Aquitaine,75,4,2.500087253165825
07335,2025-04-23T21:00:00+00:00,260.0,4.2,84.0,57950.0,0,1750.0,100460.0,6.9,8.7,POITIERS-BIARD,11.900000000000034,,,46.593833,0.314333,123,Poitiers,Vienne,86,Nouvelle-Aquitaine,75,4,2.500087253165825
07335,2025-04-30T18:00:00+00:00,80.0,2.7,41.0,50040.0,0,,100130.0,5.0,0.2,POITIERS-BIARD,24.900000000000034,,,46.593833,0.314333,123,Poitiers,Vienne,86,Nouvelle-Aquitaine,75,4,2.500087253165825
07335,2025-04-17T21:00:00+00:00,250.0,3.2,82.0,60000.0,0,,100130.0,4.3,0.6,POITIERS-BIARD,7.7000000000000455,,,46.593833,0.314333,123,Poitiers,Vienne,86,Nouvelle-Aquitaine,75,4,2.500087253165825
07335,2025-04-18T15:00:00+00:00,150.0,5.4,43.0,26640.0,0,,99280.0,9.8,0.6,POITIERS-BIARD,20.600000000000023,,,46.593833,0.314333,123,Poitiers,Vienne,86,Nouvelle-Aquitaine,75,4,2.500087253165825
07335,2025-04-19T18:00:00+00:00,230.0,2.7,94.0,60000.0,0,250.0,98510.0,3.9,15.2,POITIERS-BIARD,12.200000000000045,,,46.593833,0.314333,123,Poitiers,Vienne,86,Nouvelle-Aquitaine,75,4,2.500087253165825
07335,2025-04-22T21:00:00+00:00,240.0,4.3,86.0,43540.0,0,6720.0,100760.0,5.8,-0.1,POITIERS-BIARD,9.400000000000034,,,46.593833,0.314333,123,Poitiers,Vienne,86,Nouvelle-Aquitaine,75,4,2.500087253165825
07335,2025-04-28T06:00:00+00:00,360.0,1.9,96.0,10330.0,0,,101000.0,2.8,0.0,POITIERS-BIARD,9.600000000000023,,,46.593833,0.314333,123,Poitiers,Vienne,86,Nouvelle-Aquitaine,75,4,2.500087253165825
07335,2025-04-30T21:00:00+00:00,90.0,2.9,55.0,60000.0,0,,100200.0,5.4,0.2,POITIERS-BIARD,20.30000000000001,,,46.593833,0.314333,123,Poitiers,Vienne,86,Nouvelle-Aquitaine,75,4,2.500087253165825
07335,2025-04-29T00:00:00+00:00,60.0,2.1,80.0,60000.0,0,,100790.0,2.7,0.0,POITIERS-BIARD,13.600000000000023,,,46.593833,0.314333,123,Poitiers,Vienne,86,Nouvelle-Aquitaine,75,4,2.500087253165825
07335,2025-04-17T18:00:00+00:00,250.0,3.1,71.0,60000.0,0,2250.0,100000.0,4.7,0.6,POITIERS-BIARD,12.5,,,46.593833,0.314333,123,Poitiers,Vienne,86,Nouvelle-Aquitaine,75,4,2.500087253165825
07335,2025-04-21T21:00:00+00:00,210.0,3.1,96.0,19960.0,0,450.0,100230.0,4.3,2.8,POITIERS-BIARD,9.700000000000045,,,46.593833,0.314333,123,Poitiers,Vienne,86,Nouvelle-Aquitaine,75,4,2.500087253165825
07335,2025-04-22T03:00:00+00:00,240.0,2.7,97.0,13170.0,0,250.0,100320.0,4.2,2.8,POITIERS-BIARD,10.0,,,46.593833,0.314333,123,Poitiers,Vienne,86,Nouvelle-Aquitaine,75,4,2.500087253165825
07335,2025-04-25T03:00:00+00:00,320.0,1.4,97.0,12620.0,0,,100590.0,1.8,0.0,POITIERS-BIARD,7.5,,,46.593833,0.314333,123,Poitiers,Vienne,86,Nouvelle-Aquitaine,75,4,2.500087253165825
07335,2025-04-21T15:00:00+00:00,210.0,5.8,75.0,32260.0,0,800.0,100040.0,8.0,2.0,POITIERS-BIARD,15.300000000000011,,,46.593833,0.314333,123,Poitiers,Vienne,86,Nouvelle-Aquitaine,75,4,2.500087253165825
07335,2025-04-24T00:00:00+00:00,260.0,2.1,94.0,19310.0,0,1250.0,100540.0,3.4,8.7,POITIERS-BIARD,9.600000000000023,,,46.593833,0.314333,123,Poitiers,Vienne,86,Nouvelle-Aquitaine,75,4,2.500087253165825
07335,2025-04-24T03:00:00+00:00,250.0,1.3,98.0,2200.0,10,80.0,100550.0,2.3,8.5,POITIERS-BIARD,8.400000000000034,,,46.593833,0.314333,123,Poitiers,Vienne,86,Nouvelle-Aquitaine,75,4,2.500087253165825
07335,2025-04-25T06:00:00+00:00,30.0,1.8,98.0,5280.0,0,,100610.0,2.3,0.0,POITIERS-BIARD,7.400000000000034,,,46.593833,0.314333,123,Poitiers,Vienne,86,Nouvelle-Aquitaine,75,4,2.500087253165825
07335,2025-04-26T15:00:00+00:00,330.0,5.8,75.0,16370.0,0,800.0,100370.0,8.1,0.0,POITIERS-BIARD,15.700000000000045,,,46.593833,0.314333,123,Poitiers,Vienne,86,Nouvelle-Aquitaine,75,4,2.500087253165825
07335,2025-04-30T09:00:00+00:00,80.0,2.7,49.0,53730.0,0,,100590.0,4.4,0.2,POITIERS-BIARD,22.200000000000045,,,46.593833,0.314333,123,Poitiers,Vienne,86,Nouvelle-Aquitaine,75,4,2.500087253165825
07335,2025-04-16T06:00:00+00:00,200.0,1.7,97.0,19590.0,0,1250.0,99480.0,2.7,0.0,POITIERS-BIARD,4.800000000000011,,,46.593833,0.314333,123,Poitiers,Vienne,86,Nouvelle-Aquitaine,75,4,2.500087253165825
07335,2025-04-16T15:00:00+00:00,230.0,3.9,54.0,60000.0,0,1250.0,99550.0,9.5,0.0,POITIERS-BIARD,15.700000000000045,,,46.593833,0.314333,123,Poitiers,Vienne,86,Nouvelle-Aquitaine,75,4,2.500087253165825
07335,2025-04-22T09:00:00+00:00,260.0,3.2,90.0,18500.0,0,250.0,100580.0,4.7,1.4,POITIERS-BIARD,11.600000000000023,,,46.593833,0.314333,123,Poitiers,Vienne,86,Nouvelle-Aquitaine,75,4,2.500087253165825
07335,2025-04-28T00:00:00+00:00,300.0,1.7,94.0,16990.0,0,,101070.0,2.0,0.0,POITIERS-BIARD,9.800000000000011,,,46.593833,0.314333,123,Poitiers,Vienne,86,Nouvelle-Aquitaine,75,4,2.500087253165825
07335,2025-04-18T00:00:00+00:00,190.0,1.4,89.0,60000.0,0,,100100.0,1.9,0.6,POITIERS-BIARD,5.2000000000000455,,,46.593833,0.314333,123,Poitiers,Vienne,86,Nouvelle-Aquitaine,75,4,2.500087253165825
07335,2025-04-20T00:00:00+00:00,150.0,3.6,98.0,18510.0,53,150.0,98490.0,7.0,16.2,POITIERS-BIARD,10.400000000000034,,,46.593833,0.314333,123,Poitiers,Vienne,86,Nouvelle-Aquitaine,75,4,2.500087253165825
07335,2025-04-20T12:00:00+00:00,180.0,8.1,96.0,9270.0,50,150.0,98470.0,13.9,45.3,POITIERS-BIARD,10.400000000000034,,,46.593833,0.314333,123,Poitiers,Vienne,86,Nouvelle-Aquitaine,75,4,2.500087253165825
07335,2025-04-22T06:00:00+00:00,240.0,2.4,97.0,11930.0,0,150.0,100400.0,3.3,2.6,POITIERS-BIARD,9.900000000000034,,,46.593833,0.314333,123,Poitiers,Vienne,86,Nouvelle-Aquitaine,75,4,2.500087253165825
07335,2025-04-16T09:00:00+00:00,230.0,1.6,65.0,18990.0,0,800.0,99610.0,4.2,0.0,POITIERS-BIARD,12.600000000000023,,,46.593833,0.314333,123,Poitiers,Vienne,86,Nouvelle-Aquitaine,75,4,2.500087253165825
07335,2025-04-27T03:00:00+00:00,320.0,3.3,96.0,4570.0,10,,100760.0,4.7,15.9,POITIERS-BIARD,9.0,,,46.593833,0.314333,123,Poitiers,Vienne,86,Nouvelle-Aquitaine,75,4,2.500087253165825
07335,2025-04-30T00:00:00+00:00,120.0,2.5,72.0,60000.0,0,,100520.0,4.7,0.0,POITIERS-BIARD,16.900000000000034,,,46.593833,0.314333,123,Poitiers,Vienne,86,Nouvelle-Aquitaine,75,4,2.500087253165825
07335,2025-04-30T06:00:00+00:00,80.0,1.9,85.0,36850.0,0,,100570.0,3.6,0.0,POITIERS-BIARD,14.200000000000045,,,46.593833,0.314333,123,Poitiers,Vienne,86,Nouvelle-Aquitaine,75,4,2.500087253165825
07335,2025-04-17T12:00:00+00:00,310.0,1.6,60.0,60000.0,0,1250.0,99910.0,2.8,0.2,POITIERS-BIARD,13.600000000000023,,,46.593833,0.314333,123,Poitiers,Vienne,86,Nouvelle-Aquitaine,75,4,2.500087253165825
07335,2025-04-19T06:00:00+00:00,150.0,2.6,94.0,60000.0,0,4020.0,98810.0,4.5,0.8,POITIERS-BIARD,10.900000000000034,,,46.593833,0.314333,123,Poitiers,Vienne,86,Nouvelle-Aquitaine,75,4,2.500087253165825
07335,2025-04-20T21:00:00+00:00,240.0,2.6,94.0,11260.0,50,800.0,99220.0,4.2,40.7,POITIERS-BIARD,9.300000000000011,,,46.593833,0.314333,123,Poitiers,Vienne,86,Nouvelle-Aquitaine,75,4,2.500087253165825
07335,2025-04-23T00:00:00+00:00,210.0,3.5,97.0,18550.0,0,5100.0,100700.0,4.0,0.0,POITIERS-BIARD,6.800000000000011,,,46.593833,0.314333,123,Poitiers,Vienne,86,Nouvelle-Aquitaine,75,4,2.500087253165825
07335,2025-04-23T12:00:00+00:00,250.0,6.8,89.0,19310.0,0,450.0,100060.0,9.6,8.7,POITIERS-BIARD,13.800000000000011,,,46.593833,0.314333,123,Poitiers,Vienne,86,Nouvelle-Aquitaine,75,4,2.500087253165825
07335,2025-04-19T00:00:00+00:00,120.0,2.0,90.0,60000.0,0,2250.0,98980.0,4.3,0.8,POITIERS-BIARD,12.400000000000034,,,46.593833,0.314333,123,Poitiers,Vienne,86,Nouvelle-Aquitaine,75,4,2.500087253165825
07335,2025-04-23T09:00:00+00:00,220.0,6.1,97.0,50280.0,0,150.0,100100.0,9.4,8.3,POITIERS-BIARD,11.300000000000011,,,46.593833,0.314333,123,Poitiers,Vienne,86,Nouvelle-Aquitaine,75,4,2.500087253165825
07335,2025-04-26T00:00:00+00:00,20.0,2.9,95.0,14300.0,0,7260.0,100310.0,3.8,0.0,POITIERS-BIARD,8.200000000000045,,,46.593833,0.314333,123,Poitiers,Vienne,86,Nouvelle-Aquitaine,75,4,2.500087253165825
07335,2025-04-21T12:00:00+00:00,230.0,5.5,70.0,40870.0,0,800.0,100010.0,9.9,7.8,POITIERS-BIARD,15.100000000000023,,,46.593833,0.314333,123,Poitiers,Vienne,86,Nouvelle-Aquitaine,75,4,2.500087253165825
07335,2025-04-22T00:00:00+00:00,230.0,4.2,96.0,18020.0,51,450.0,100320.0,6.0,2.8,POITIERS-BIARD,11.400000000000034,,,46.593833,0.314333,123,Poitiers,Vienne,86,Nouvelle-Aquitaine,75,4,2.500087253165825
07335,2025-04-25T15:00:00+00:00,90.0,4.1,57.0,36050.0,0,1250.0,100320.0,8.1,0.0,POITIERS-BIARD,18.30000000000001,,,46.593833,0.314333,123,Poitiers,Vienne,86,Nouvelle-Aquitaine,75,4,2.500087253165825
07335,2025-04-17T15:00:00+00:00,250.0,4.8,53.0,48380.0,0,1250.0,99920.0,8.0,0.2,POITIERS-BIARD,15.600000000000023,,,46.593833,0.314333,123,Poitiers,Vienne,86,Nouvelle-Aquitaine,75,4,2.500087253165825
07335,2025-04-18T12:00:00+00:00,140.0,5.1,45.0,23820.0,0,2640.0,99580.0,8.5,0.6,POITIERS-BIARD,17.80000000000001,,,46.593833,0.314333,123,Poitiers,Vienne,86,Nouvelle-Aquitaine,75,4,2.500087253165825
07335,2025-04-26T03:00:00+00:00,330.0,2.5,96.0,7010.0,0,5520.0,100180.0,3.3,0.0,POITIERS-BIARD,8.5,,,46.593833,0.314333,123,Poitiers,Vienne,86,Nouvelle-Aquitaine,75,4,2.500087253165825
07335,2025-04-27T15:00:00+00:00,10.0,1.9,65.0,37160.0,0,1750.0,100980.0,3.1,15.9,POITIERS-BIARD,18.5,,,46.593833,0.314333,123,Poitiers,Vienne,86,Nouvelle-Aquitaine,75,4,2.500087253165825
07335,2025-04-25T00:00:00+00:00,320.0,1.1,90.0,29770.0,0,1750.0,100670.0,1.5,0.0,POITIERS-BIARD,10.400000000000034,,,46.593833,0.314333,123,Poitiers,Vienne,86,Nouvelle-Aquitaine,75,4,2.500087253165825
07335,2025-04-25T09:00:00+00:00,80.0,3.5,77.0,14410.0,0,450.0,100590.0,6.1,0.0,POITIERS-BIARD,14.600000000000023,,,46.593833,0.314333,123,Poitiers,Vienne,86,Nouvelle-Aquitaine,75,4,2.500087253165825
07335,2025-04-29T12:00:00+00:00,110.0,3.8,45.0,59790.0,0,,100620.0,7.8,0.0,POITIERS-BIARD,24.30000000000001,,,46.593833,0.314333,123,Poitiers,Vienne,86,Nouvelle-Aquitaine,75,4,2.500087253165825
07335,2025-04-16T03:00:00+00:00,160.0,1.1,95.0,56780.0,0,4920.0,99360.0,1.7,0.0,POITIERS-BIARD,5.900000000000034,,,46.593833,0.314333,123,Poitiers,Vienne,86,Nouvelle-Aquitaine,75,4,2.500087253165825
07335,2025-04-28T15:00:00+00:00,60.0,3.8,49.0,19770.0,0,,100740.0,6.8,0.0,POITIERS-BIARD,22.700000000000045,,,46.593833,0.314333,123,Poitiers,Vienne,86,Nouvelle-Aquitaine,75,4,2.500087253165825
07335,2025-05-11T18:00:00+00:00,210.0,3.7,78.0,42450.0,0,800.0,99620.0,5.5,,POITIERS-BIARD,15.700000000000045,,,46.593833,0.314333,123,Poitiers,Vienne,86,Nouvelle-Aquitaine,75,5,2.500087253165825
07335,2025-05-14T21:00:00+00:00,320.0,2.1,71.0,35850.0,0,,100290.0,2.5,,POITIERS-BIARD,16.100000000000023,,,46.593833,0.314333,123,Poitiers,Vienne,86,Nouvelle-Aquitaine,75,5,2.500087253165825
07335,2025-05-15T03:00:00+00:00,360.0,2.2,89.0,29080.0,0,,100290.0,3.1,,POITIERS-BIARD,11.400000000000034,,,46.593833,0.314333,123,Poitiers,Vienne,86,Nouvelle-Aquitaine,75,5,2.500087253165825
07335,2025-05-05T09:00:00+00:00,10.0,5.7,75.0,8860.0,0,450.0,100020.0,8.2,0.4,POITIERS-BIARD,10.700000000000045,,,46.593833,0.314333,123,Poitiers,Vienne,86,Nouvelle-Aquitaine,75,5,2.500087253165825
07335,2025-05-06T03:00:00+00:00,340.0,5.1,85.0,53280.0,0,1750.0,100210.0,7.7,1.0,POITIERS-BIARD,7.900000000000034,,,46.593833,0.314333,123,Poitiers,Vienne,86,Nouvelle-Aquitaine,75,5,2.500087253165825
07335,2025-05-04T00:00:00+00:00,220.0,2.0,94.0,19400.0,0,,99740.0,2.5,0.0,POITIERS-BIARD,11.600000000000023,,,46.593833,0.314333,123,Poitiers,Vienne,86,Nouvelle-Aquitaine,75,5,2.500087253165825
07335,2025-05-04T18:00:00+00:00,40.0,4.5,79.0,55120.0,0,1750.0,99680.0,6.8,0.6,POITIERS-BIARD,12.400000000000034,,,46.593833,0.314333,123,Poitiers,Vienne,86,Nouvelle-Aquitaine,75,5,2.500087253165825
07335,2025-05-06T18:00:00+00:00,30.0,7.1,49.0,26660.0,0,2520.0,100340.0,10.9,1.2,POITIERS-BIARD,13.900000000000034,,,46.593833,0.314333,123,Poitiers,Vienne,86,Nouvelle-Aquitaine,75,5,2.500087253165825
07335,2025-05-10T21:00:00+00:00,90.0,2.8,89.0,60000.0,0,1750.0,99630.0,4.5,,POITIERS-BIARD,15.100000000000023,,,46.593833,0.314333,123,Poitiers,Vienne,86,Nouvelle-Aquitaine,75,5,2.500087253165825
07335,2025-05-14T18:00:00+00:00,50.0,3.2,46.0,29830.0,0,,100150.0,5.5,,POITIERS-BIARD,22.700000000000045,,,46.593833,0.314333,123,Poitiers,Vienne,86,Nouvelle-Aquitaine,75,5,2.500087253165825
07335,2025-05-09T21:00:00+00:00,50.0,2.0,75.0,60000.0,0,,99990.0,4.1,-0.1,POITIERS-BIARD,12.400000000000034,,,46.593833,0.314333,123,Poitiers,Vienne,86,Nouvelle-Aquitaine,75,5,2.500087253165825
07335,2025-05-12T06:00:00+00:00,200.0,5.7,94.0,19590.0,0,250.0,99700.0,8.7,2.2,POITIERS-BIARD,11.900000000000034,,,46.593833,0.314333,123,Poitiers,Vienne,86,Nouvelle-Aquitaine,75,5,2.500087253165825
07335,2025-05-14T15:00:00+00:00,80.0,2.9,,,,,,5.6,,POITIERS-BIARD,,,,46.593833,0.314333,123,Poitiers,Vienne,86,Nouvelle-Aquitaine,75,5,2.500087253165825
07335,2025-05-07T06:00:00+00:00,360.0,4.1,81.0,19690.0,0,2250.0,100420.0,7.1,0.2,POITIERS-BIARD,9.5,,,46.593833,0.314333,123,Poitiers,Vienne,86,Nouvelle-Aquitaine,75,5,2.500087253165825
07335,2025-05-14T03:00:00+00:00,350.0,1.0,94.0,15450.0,0,,100180.0,1.7,0.0,POITIERS-BIARD,9.0,,,46.593833,0.314333,123,Poitiers,Vienne,86,Nouvelle-Aquitaine,75,5,2.500087253165825
07335,2025-05-05T06:00:00+00:00,10.0,6.3,83.0,20040.0,0,450.0,99940.0,10.2,0.4,POITIERS-BIARD,7.400000000000034,,,46.593833,0.314333,123,Poitiers,Vienne,86,Nouvelle-Aquitaine,75,5,2.500087253165825
07335,2025-05-09T00:00:00+00:00,310.0,1.8,88.0,39830.0,0,,99990.0,2.2,0.0,POITIERS-BIARD,7.2000000000000455,,,46.593833,0.314333,123,Poitiers,Vienne,86,Nouvelle-Aquitaine,75,5,2.500087253165825
07335,2025-05-05T15:00:00+00:00,20.0,6.1,61.0,23010.0,0,1250.0,100010.0,9.0,-0.1,POITIERS-BIARD,12.200000000000045,,,46.593833,0.314333,123,Poitiers,Vienne,86,Nouvelle-Aquitaine,75,5,2.500087253165825
07335,2025-05-10T18:00:00+00:00,50.0,4.2,54.0,19520.0,0,1750.0,99490.0,6.8,0.0,POITIERS-BIARD,21.900000000000034,,,46.593833,0.314333,123,Poitiers,Vienne,86,Nouvelle-Aquitaine,75,5,2.500087253165825
07335,2025-05-13T15:00:00+00:00,220.0,3.2,50.0,19780.0,0,2880.0,100090.0,5.2,0.2,POITIERS-BIARD,21.200000000000045,,,46.593833,0.314333,123,Poitiers,Vienne,86,Nouvelle-Aquitaine,75,5,2.500087253165825
07335,2025-05-03T15:00:00+00:00,240.0,5.2,52.0,19120.0,0,1750.0,99680.0,8.0,-0.1,POITIERS-BIARD,24.700000000000045,,,46.593833,0.314333,123,Poitiers,Vienne,86,Nouvelle-Aquitaine,75,5,2.500087253165825
07335,2025-05-06T12:00:00+00:00,20.0,6.2,55.0,13520.0,0,1250.0,100270.0,11.2,1.2,POITIERS-BIARD,14.300000000000011,,,46.593833,0.314333,123,Poitiers,Vienne,86,Nouvelle-Aquitaine,75,5,2.500087253165825
07335,2025-05-07T21:00:00+00:00,360.0,3.0,83.0,38840.0,0,6180.0,100320.0,4.2,0.0,POITIERS-BIARD,9.700000000000045,,,46.593833,0.314333,123,Poitiers,Vienne,86,Nouvelle-Aquitaine,75,5,2.500087253165825
07335,2025-05-08T00:00:00+00:00,330.0,2.0,91.0,15680.0,0,,100230.0,2.6,0.0,POITIERS-BIARD,7.100000000000023,,,46.593833,0.314333,123,Poitiers,Vienne,86,Nouvelle-Aquitaine,75,5,2.500087253165825
07335,2025-05-08T12:00:00+00:00,30.0,3.4,57.0,19990.0,0,1250.0,100030.0,7.4,0.0,POITIERS-BIARD,16.5,,,46.593833,0.314333,123,Poitiers,Vienne,86,Nouvelle-Aquitaine,75,5,2.500087253165825
07335,2025-05-12T00:00:00+00:00,180.0,3.3,92.0,33450.0,0,7020.0,99710.0,5.1,2.4,POITIERS-BIARD,10.300000000000011,,,46.593833,0.314333,123,Poitiers,Vienne,86,Nouvelle-Aquitaine,75,5,2.500087253165825
07335,2025-05-03T03:00:00+00:00,170.0,2.8,87.0,45920.0,0,,99890.0,3.6,-0.1,POITIERS-BIARD,13.800000000000011,,,46.593833,0.314333,123,Poitiers,Vienne,86,Nouvelle-Aquitaine,75,5,2.500087253165825
07335,2025-05-10T03:00:00+00:00,120.0,1.0,85.0,45010.0,0,6000.0,99950.0,2.1,-0.1,POITIERS-BIARD,10.5,,,46.593833,0.314333,123,Poitiers,Vienne,86,Nouvelle-Aquitaine,75,5,2.500087253165825
07335,2025-05-02T18:00:00+00:00,170.0,4.5,43.0,40590.0,0,5220.0,99790.0,7.0,0.0,POITIERS-BIARD,23.80000000000001,,,46.593833,0.314333,123,Poitiers,Vienne,86,Nouvelle-Aquitaine,75,5,2.500087253165825
07335,2025-05-12T18:00:00+00:00,210.0,3.1,81.0,60000.0,0,4440.0,99860.0,4.1,0.0,POITIERS-BIARD,13.200000000000045,,,46.593833,0.314333,123,Poitiers,Vienne,86,Nouvelle-Aquitaine,75,5,2.500087253165825
07335,2025-05-13T06:00:00+00:00,100.0,1.5,81.0,19600.0,0,2250.0,100110.0,3.3,0.2,POITIERS-BIARD,12.700000000000045,,,46.593833,0.314333,123,Poitiers,Vienne,86,Nouvelle-Aquitaine,75,5,2.500087253165825
07335,2025-05-10T15:00:00+00:00,120.0,4.2,50.0,19930.0,0,1750.0,99590.0,8.1,-0.1,POITIERS-BIARD,22.30000000000001,,,46.593833,0.314333,123,Poitiers,Vienne,86,Nouvelle-Aquitaine,75,5,2.500087253165825
07335,2025-05-01T03:00:00+00:00,120.0,1.7,73.0,60000.0,0,,100230.0,2.4,0.2,POITIERS-BIARD,14.0,,,46.593833,0.314333,123,Poitiers,Vienne,86,Nouvelle-Aquitaine,75,5,2.500087253165825
07335,2025-05-01T12:00:00+00:00,230.0,3.3,55.0,19920.0,0,,100280.0,5.4,0.0,POITIERS-BIARD,23.0,,,46.593833,0.314333,123,Poitiers,Vienne,86,Nouvelle-Aquitaine,75,5,2.500087253165825
07335,2025-05-02T15:00:00+00:00,100.0,3.2,51.0,19990.0,0,7020.0,99780.0,5.5,-0.1,POITIERS-BIARD,25.700000000000045,,,46.593833,0.314333,123,Poitiers,Vienne,86,Nouvelle-Aquitaine,75,5,2.500087253165825
07335,2025-05-03T21:00:00+00:00,260.0,1.4,75.0,60000.0,0,,99720.0,2.0,-0.1,POITIERS-BIARD,16.0,,,46.593833,0.314333,123,Poitiers,Vienne,86,Nouvelle-Aquitaine,75,5,2.500087253165825
07335,2025-05-07T18:00:00+00:00,10.0,3.7,65.0,50340.0,0,,100240.0,5.1,0.0,POITIERS-BIARD,13.700000000000045,,,46.593833,0.314333,123,Poitiers,Vienne,86,Nouvelle-Aquitaine,75,5,2.500087253165825
07335,2025-05-09T03:00:00+00:00,330.0,2.0,92.0,18390.0,0,,99940.0,2.5,0.0,POITIERS-BIARD,5.5,,,46.593833,0.314333,123,Poitiers,Vienne,86,Nouvelle-Aquitaine,75,5,2.500087253165825
07335,2025-05-09T18:00:00+00:00,100.0,3.1,58.0,52250.0,0,2580.0,99890.0,7.4,-0.1,POITIERS-BIARD,17.0,,,46.593833,0.314333,123,Poitiers,Vienne,86,Nouvelle-Aquitaine,75,5,2.500087253165825
07335,2025-05-10T12:00:00+00:00,140.0,3.8,57.0,22620.0,0,1250.0,99760.0,7.0,-0.1,POITIERS-BIARD,21.100000000000023,,,46.593833,0.314333,123,Poitiers,Vienne,86,Nouvelle-Aquitaine,75,5,2.500087253165825
07335,2025-05-11T15:00:00+00:00,200.0,4.9,92.0,33260.0,60,1750.0,99650.0,8.0,,POITIERS-BIARD,13.0,,,46.593833,0.314333,123,Poitiers,Vienne,86,Nouvelle-Aquitaine,75,5,2.500087253165825
07335,2025-05-12T15:00:00+00:00,210.0,9.4,58.0,18420.0,0,1250.0,99840.0,14.2,0.2,POITIERS-BIARD,17.200000000000045,,,46.593833,0.314333,123,Poitiers,Vienne,86,Nouvelle-Aquitaine,75,5,2.500087253165825
07335,2025-05-14T06:00:00+00:00,10.0,1.3,93.0,18800.0,0,,100250.0,1.9,0.0,POITIERS-BIARD,12.100000000000023,,,46.593833,0.314333,123,Poitiers,Vienne,86,Nouvelle-Aquitaine,75,5,2.500087253165825
07335,2025-05-01T18:00:00+00:00,250.0,1.7,61.0,60000.0,0,3420.0,100150.0,2.5,-0.1,POITIERS-BIARD,22.200000000000045,,,46.593833,0.314333,123,Poitiers,Vienne,86,Nouvelle-Aquitaine,75,5,2.500087253165825
07335,2025-05-12T09:00:00+00:00,200.0,7.0,74.0,17970.0,0,800.0,99810.0,10.8,2.2,POITIERS-BIARD,15.600000000000023,,,46.593833,0.314333,123,Poitiers,Vienne,86,Nouvelle-Aquitaine,75,5,2.500087253165825
07335,2025-05-13T03:00:00+00:00,170.0,1.1,93.0,50720.0,0,2700.0,100030.0,2.1,0.2,POITIERS-BIARD,9.800000000000011,,,46.593833,0.314333,123,Poitiers,Vienne,86,Nouvelle-Aquitaine,75,5,2.500087253165825
07335,2025-05-04T12:00:00+00:00,30.0,8.7,93.0,7200.0,0,250.0,99610.0,12.3,0.4,POITIERS-BIARD,13.400000000000034,,,46.593833,0.314333,123,Poitiers,Vienne,86,Nouvelle-Aquitaine,75,5,2.500087253165825
07335,2025-05-04T21:00:00+00:00,360.0,3.2,90.0,19890.0,0,1750.0,99750.0,4.3,0.6,POITIERS-BIARD,10.600000000000023,,,46.593833,0.314333,123,Poitiers,Vienne,86,Nouvelle-Aquitaine,75,5,2.500087253165825
07335,2025-05-05T12:00:00+00:00,10.0,5.7,63.0,22740.0,0,1250.0,99990.0,9.5,0.2,POITIERS-BIARD,14.5,,,46.593833,0.314333,123,Poitiers,Vienne,86,Nouvelle-Aquitaine,75,5,2.500087253165825
07335,2025-05-08T06:00:00+00:00,10.0,2.7,92.0,7590.0,0,7080.0,100110.0,3.8,0.0,POITIERS-BIARD,7.0,,,46.593833,0.314333,123,Poitiers,Vienne,86,Nouvelle-Aquitaine,75,5,2.500087253165825
07335,2025-05-02T06:00:00+00:00,250.0,0.5,96.0,10250.0,0,,100200.0,0.8,-0.1,POITIERS-BIARD,13.0,,,46.593833,0.314333,123,Poitiers,Vienne,86,Nouvelle-Aquitaine,75,5,2.500087253165825
07335,2025-05-02T03:00:00+00:00,340.0,1.1,94.0,19920.0,0,,100190.0,1.9,-0.1,POITIERS-BIARD,12.600000000000023,,,46.593833,0.314333,123,Poitiers,Vienne,86,Nouvelle-Aquitaine,75,5,2.500087253165825
07335,2025-05-02T09:00:00+00:00,150.0,2.4,49.0,19670.0,0,,100100.0,4.7,-0.1,POITIERS-BIARD,21.600000000000023,,,46.593833,0.314333,123,Poitiers,Vienne,86,Nouvelle-Aquitaine,75,5,2.500087253165825
07335,2025-05-08T18:00:00+00:00,40.0,5.0,54.0,46030.0,0,2820.0,99980.0,8.4,0.0,POITIERS-BIARD,15.600000000000023,,,46.593833,0.314333,123,Poitiers,Vienne,86,Nouvelle-Aquitaine,75,5,2.500087253165825
07335,2025-05-10T09:00:00+00:00,140.0,3.6,63.0,19550.0,0,,99870.0,6.4,-0.1,POITIERS-BIARD,18.200000000000045,,,46.593833,0.314333,123,Poitiers,Vienne,86,Nouvelle-Aquitaine,75,5,2.500087253165825
07335,2025-05-12T03:00:00+00:00,190.0,4.2,94.0,19490.0,0,450.0,99660.0,7.3,2.2,POITIERS-BIARD,10.600000000000023,,,46.593833,0.314333,123,Poitiers,Vienne,86,Nouvelle-Aquitaine,75,5,2.500087253165825
07335,2025-05-03T18:00:00+00:00,250.0,3.4,53.0,51130.0,0,,99640.0,5.1,-0.1,POITIERS-BIARD,22.900000000000034,,,46.593833,0.314333,123,Poitiers,Vienne,86,Nouvelle-Aquitaine,75,5,2.500087253165825
07335,2025-05-05T03:00:00+00:00,10.0,5.1,86.0,60000.0,0,1750.0,99850.0,7.3,0.6,POITIERS-BIARD,7.0,,,46.593833,0.314333,123,Poitiers,Vienne,86,Nouvelle-Aquitaine,75,5,2.500087253165825
07335,2025-05-09T06:00:00+00:00,340.0,2.5,92.0,1650.0,10,7500.0,99990.0,3.7,0.0,POITIERS-BIARD,7.400000000000034,,,46.593833,0.314333,123,Poitiers,Vienne,86,Nouvelle-Aquitaine,75,5,2.500087253165825
07335,2025-05-01T09:00:00+00:00,180.0,4.2,52.0,40480.0,0,,100300.0,7.2,0.0,POITIERS-BIARD,20.200000000000045,,,46.593833,0.314333,123,Poitiers,Vienne,86,Nouvelle-Aquitaine,75,5,2.500087253165825
07335,2025-05-11T12:00:00+00:00,160.0,3.1,86.0,19370.0,0,450.0,99630.0,5.2,,POITIERS-BIARD,16.200000000000045,,,46.593833,0.314333,123,Poitiers,Vienne,86,Nouvelle-Aquitaine,75,5,2.500087253165825
07335,2025-05-15T12:00:00+00:00,10.0,5.6,52.0,15380.0,0,,100440.0,8.4,,POITIERS-BIARD,21.5,,,46.593833,0.314333,123,Poitiers,Vienne,86,Nouvelle-Aquitaine,75,5,2.500087253165825
07335,2025-05-15T21:00:00+00:00,30.0,4.1,69.0,19300.0,0,,100570.0,6.7,0.2,POITIERS-BIARD,13.600000000000023,,,46.593833,0.314333,123,Poitiers,Vienne,86,Nouvelle-Aquitaine,75,5,2.500087253165825
07335,2025-05-06T00:00:00+00:00,330.0,3.3,86.0,19570.0,60,1250.0,100250.0,5.5,1.0,POITIERS-BIARD,7.900000000000034,,,46.593833,0.314333,123,Poitiers,Vienne,86,Nouvelle-Aquitaine,75,5,2.500087253165825
07335,2025-05-07T12:00:00+00:00,360.0,4.0,56.0,27390.0,0,1250.0,100350.0,8.4,0.0,POITIERS-BIARD,15.300000000000011,,,46.593833,0.314333,123,Poitiers,Vienne,86,Nouvelle-Aquitaine,75,5,2.500087253165825
07335,2025-05-09T12:00:00+00:00,90.0,4.4,49.0,19930.0,0,1250.0,99930.0,8.3,0.0,POITIERS-BIARD,19.0,,,46.593833,0.314333,123,Poitiers,Vienne,86,Nouvelle-Aquitaine,75,5,2.500087253165825
07335,2025-05-09T15:00:00+00:00,80.0,3.2,43.0,37320.0,0,1750.0,99850.0,8.1,0.0,POITIERS-BIARD,20.400000000000034,,,46.593833,0.314333,123,Poitiers,Vienne,86,Nouvelle-Aquitaine,75,5,2.500087253165825
07335,2025-05-10T00:00:00+00:00,80.0,1.1,82.0,57760.0,0,7320.0,99990.0,1.3,-0.1,POITIERS-BIARD,11.100000000000023,,,46.593833,0.314333,123,Poitiers,Vienne,86,Nouvelle-Aquitaine,75,5,2.500087253165825
07335,2025-05-15T00:00:00+00:00,310.0,1.7,86.0,30580.0,0,,100280.0,2.2,,POITIERS-BIARD,12.600000000000023,,,46.593833,0.314333,123,Poitiers,Vienne,86,Nouvelle-Aquitaine,75,5,2.500087253165825
07335,2025-05-04T03:00:00+00:00,240.0,1.4,97.0,3710.0,10,,99590.0,1.9,0.0,POITIERS-BIARD,10.600000000000023,,,46.593833,0.314333,123,Poitiers,Vienne,86,Nouvelle-Aquitaine,75,5,2.500087253165825
07335,2025-05-04T06:00:00+00:00,310.0,2.4,98.0,13570.0,0,80.0,99570.0,4.0,0.2,POITIERS-BIARD,11.800000000000011,,,46.593833,0.314333,123,Poitiers,Vienne,86,Nouvelle-Aquitaine,75,5,2.500087253165825
07335,2025-05-07T00:00:00+00:00,340.0,3.0,76.0,60000.0,0,2250.0,100440.0,5.1,0.2,POITIERS-BIARD,9.600000000000023,,,46.593833,0.314333,123,Poitiers,Vienne,86,Nouvelle-Aquitaine,75,5,2.500087253165825
07335,2025-05-09T09:00:00+00:00,20.0,3.2,69.0,19890.0,0,,100000.0,6.8,0.0,POITIERS-BIARD,15.300000000000011,,,46.593833,0.314333,123,Poitiers,Vienne,86,Nouvelle-Aquitaine,75,5,2.500087253165825
07335,2025-05-01T00:00:00+00:00,120.0,1.9,64.0,60000.0,0,,100250.0,2.7,0.2,POITIERS-BIARD,17.0,,,46.593833,0.314333,123,Poitiers,Vienne,86,Nouvelle-Aquitaine,75,5,2.500087253165825
07335,2025-05-06T06:00:00+00:00,10.0,4.6,85.0,12020.0,0,2250.0,100310.0,7.3,1.0,POITIERS-BIARD,7.7000000000000455,,,46.593833,0.314333,123,Poitiers,Vienne,86,Nouvelle-Aquitaine,75,5,2.500087253165825
07335,2025-05-07T09:00:00+00:00,10.0,3.1,73.0,14110.0,0,4080.0,100450.0,5.5,0.2,POITIERS-BIARD,13.600000000000023,,,46.593833,0.314333,123,Poitiers,Vienne,86,Nouvelle-Aquitaine,75,5,2.500087253165825
07335,2025-05-15T06:00:00+00:00,360.0,2.4,83.0,17040.0,0,,100370.0,4.0,,POITIERS-BIARD,13.200000000000045,,,46.593833,0.314333,123,Poitiers,Vienne,86,Nouvelle-Aquitaine,75,5,2.500087253165825
07335,2025-05-15T15:00:00+00:00,10.0,5.9,42.0,11810.0,0,,100330.0,10.2,0.2,POITIERS-BIARD,22.30000000000001,,,46.593833,0.314333,123,Poitiers,Vienne,86,Nouvelle-Aquitaine,75,5,2.500087253165825
07335,2025-05-05T00:00:00+00:00,20.0,5.7,81.0,60000.0,0,1750.0,99830.0,9.0,0.6,POITIERS-BIARD,8.800000000000011,,,46.593833,0.314333,123,Poitiers,Vienne,86,Nouvelle-Aquitaine,75,5,2.500087253165825
07335,2025-05-06T09:00:00+00:00,20.0,5.3,72.0,8530.0,0,,100330.0,8.7,1.0,POITIERS-BIARD,12.600000000000023,,,46.593833,0.314333,123,Poitiers,Vienne,86,Nouvelle-Aquitaine,75,5,2.500087253165825
07335,2025-05-02T00:00:00+00:00,320.0,0.5,89.0,58170.0,0,,100250.0,0.8,-0.1,POITIERS-BIARD,14.300000000000011,,,46.593833,0.314333,123,Poitiers,Vienne,86,Nouvelle-Aquitaine,75,5,2.500087253165825
07335,2025-05-04T15:00:00+00:00,30.0,7.2,91.0,9540.0,0,450.0,99680.0,11.1,0.6,POITIERS-BIARD,12.0,,,46.593833,0.314333,123,Poitiers,Vienne,86,Nouvelle-Aquitaine,75,5,2.500087253165825
07335,2025-05-11T06:00:00+00:00,190.0,4.9,90.0,19080.0,0,450.0,99560.0,7.0,,POITIERS-BIARD,13.5,,,46.593833,0.314333,123,Poitiers,Vienne,86,Nouvelle-Aquitaine,75,5,2.500087253165825
07335,2025-05-13T09:00:00+00:00,190.0,2.7,64.0,58120.0,0,,100180.0,3.9,0.2,POITIERS-BIARD,17.700000000000045,,,46.593833,0.314333,123,Poitiers,Vienne,86,Nouvelle-Aquitaine,75,5,2.500087253165825
07335,2025-05-15T18:00:00+00:00,30.0,6.3,52.0,8340.0,0,30.0,100360.0,9.7,0.2,POITIERS-BIARD,19.0,,,46.593833,0.314333,123,Poitiers,Vienne,86,Nouvelle-Aquitaine,75,5,2.500087253165825
07335,2025-05-03T09:00:00+00:00,210.0,5.3,58.0,19220.0,0,,99880.0,8.0,-0.1,POITIERS-BIARD,21.30000000000001,,,46.593833,0.314333,123,Poitiers,Vienne,86,Nouvelle-Aquitaine,75,5,2.500087253165825
07335,2025-05-13T21:00:00+00:00,310.0,1.7,76.0,52150.0,0,2940.0,100190.0,2.1,0.2,POITIERS-BIARD,14.0,,,46.593833,0.314333,123,Poitiers,Vienne,86,Nouvelle-Aquitaine,75,5,2.500087253165825
07335,2025-05-15T09:00:00+00:00,340.0,3.8,66.0,18420.0,0,250.0,100450.0,6.3,,POITIERS-BIARD,18.0,,,46.593833,0.314333,123,Poitiers,Vienne,86,Nouvelle-Aquitaine,75,5,2.500087253165825
07335,2025-05-01T15:00:00+00:00,240.0,2.5,51.0,32890.0,0,4860.0,100210.0,5.0,0.0,POITIERS-BIARD,24.400000000000034,,,46.593833,0.314333,123,Poitiers,Vienne,86,Nouvelle-Aquitaine,75,5,2.500087253165825
07335,2025-05-08T09:00:00+00:00,10.0,2.4,75.0,17690.0,0,4080.0,100100.0,4.1,0.0,POITIERS-BIARD,12.100000000000023,,,46.593833,0.314333,123,Poitiers,Vienne,86,Nouvelle-Aquitaine,75,5,2.500087253165825
07335,2025-05-08T15:00:00+00:00,30.0,5.2,56.0,19830.0,0,2250.0,99960.0,7.3,0.0,POITIERS-BIARD,16.100000000000023,,,46.593833,0.314333,123,Poitiers,Vienne,86,Nouvelle-Aquitaine,75,5,2.500087253165825
07335,2025-05-13T00:00:00+00:00,90.0,1.7,97.0,18950.0,0,,100000.0,2.7,0.0,POITIERS-BIARD,9.300000000000011,,,46.593833,0.314333,123,Poitiers,Vienne,86,Nouvelle-Aquitaine,75,5,2.500087253165825
07335,2025-05-12T12:00:00+00:00,230.0,5.3,69.0,40060.0,0,1250.0,99830.0,8.0,1.6,POITIERS-BIARD,15.200000000000045,,,46.593833,0.314333,123,Poitiers,Vienne,86,Nouvelle-Aquitaine,75,5,2.500087253165825
07335,2025-05-13T18:00:00+00:00,310.0,1.6,56.0,56720.0,0,3960.0,100050.0,2.9,0.2,POITIERS-BIARD,19.5,,,46.593833,0.314333,123,Poitiers,Vienne,86,Nouvelle-Aquitaine,75,5,2.500087253165825
07335,2025-05-04T09:00:00+00:00,90.0,2.9,89.0,18840.0,0,250.0,99620.0,5.9,0.2,POITIERS-BIARD,15.0,,,46.593833,0.314333,123,Poitiers,Vienne,86,Nouvelle-Aquitaine,75,5,2.500087253165825
07335,2025-05-02T21:00:00+00:00,140.0,2.9,56.0,58480.0,0,1750.0,99760.0,4.8,0.0,POITIERS-BIARD,20.100000000000023,,,46.593833,0.314333,123,Poitiers,Vienne,86,Nouvelle-Aquitaine,75,5,2.500087253165825
07335,2025-05-08T03:00:00+00:00,330.0,2.1,95.0,12570.0,0,,100100.0,3.0,0.0,POITIERS-BIARD,5.100000000000023,,,46.593833,0.314333,123,Poitiers,Vienne,86,Nouvelle-Aquitaine,75,5,2.500087253165825
07335,2025-05-11T03:00:00+00:00,130.0,2.2,94.0,60000.0,0,800.0,99580.0,4.1,,POITIERS-BIARD,13.300000000000011,,,46.593833,0.314333,123,Poitiers,Vienne,86,Nouvelle-Aquitaine,75,5,2.500087253165825
07335,2025-05-03T00:00:00+00:00,200.0,1.7,82.0,57560.0,0,6840.0,99900.0,1.9,-0.1,POITIERS-BIARD,15.300000000000011,,,46.593833,0.314333,123,Poitiers,Vienne,86,Nouvelle-Aquitaine,75,5,2.500087253165825
07335,2025-05-06T21:00:00+00:00,350.0,2.6,72.0,60000.0,0,5460.0,100450.0,4.1,1.2,POITIERS-BIARD,9.400000000000034,,,46.593833,0.314333,123,Poitiers,Vienne,86,Nouvelle-Aquitaine,75,5,2.500087253165825
07335,2025-05-07T03:00:00+00:00,350.0,3.0,76.0,60000.0,0,2580.0,100400.0,4.6,0.2,POITIERS-BIARD,9.400000000000034,,,46.593833,0.314333,123,Poitiers,Vienne,86,Nouvelle-Aquitaine,75,5,2.500087253165825
07335,2025-05-12T21:00:00+00:00,160.0,1.2,91.0,60000.0,0,1250.0,100000.0,1.6,0.0,POITIERS-BIARD,11.600000000000023,,,46.593833,0.314333,123,Poitiers,Vienne,86,Nouvelle-Aquitaine,75,5,2.500087253165825
07335,2025-05-11T00:00:00+00:00,210.0,1.2,96.0,14030.0,0,1250.0,99630.0,1.6,,POITIERS-BIARD,12.900000000000034,,,46.593833,0.314333,123,Poitiers,Vienne,86,Nouvelle-Aquitaine,75,5,2.500087253165825
07335,2025-05-01T21:00:00+00:00,320.0,1.5,77.0,60000.0,0,,100230.0,2.4,-0.1,POITIERS-BIARD,17.30000000000001,,,46.593833,0.314333,123,Poitiers,Vienne,86,Nouvelle-Aquitaine,75,5,2.500087253165825
07335,2025-05-03T06:00:00+00:00,170.0,3.0,78.0,19990.0,0,4380.0,99860.0,4.3,-0.1,POITIERS-BIARD,15.200000000000045,,,46.593833,0.314333,123,Poitiers,Vienne,86,Nouvelle-Aquitaine,75,5,2.500087253165825
07335,2025-05-05T18:00:00+00:00,20.0,4.3,68.0,58900.0,0,1750.0,100100.0,6.4,-0.1,POITIERS-BIARD,11.0,,,46.593833,0.314333,123,Poitiers,Vienne,86,Nouvelle-Aquitaine,75,5,2.500087253165825
07335,2025-05-05T21:00:00+00:00,360.0,4.1,69.0,60000.0,0,1750.0,100230.0,6.1,-0.1,POITIERS-BIARD,9.700000000000045,,,46.593833,0.314333,123,Poitiers,Vienne,86,Nouvelle-Aquitaine,75,5,2.500087253165825
07335,2025-05-06T15:00:00+00:00,30.0,6.5,52.0,17760.0,0,1750.0,100270.0,10.6,1.2,POITIERS-BIARD,14.300000000000011,,,46.593833,0.314333,123,Poitiers,Vienne,86,Nouvelle-Aquitaine,75,5,2.500087253165825
07335,2025-05-07T15:00:00+00:00,10.0,6.4,56.0,10890.0,0,1250.0,100260.0,9.1,0.0,POITIERS-BIARD,16.80000000000001,,,46.593833,0.314333,123,Poitiers,Vienne,86,Nouvelle-Aquitaine,75,5,2.500087253165825
07335,2025-05-08T21:00:00+00:00,20.0,2.9,79.0,56680.0,0,,100050.0,3.5,0.0,POITIERS-BIARD,8.900000000000034,,,46.593833,0.314333,123,Poitiers,Vienne,86,Nouvelle-Aquitaine,75,5,2.500087253165825
07335,2025-05-13T12:00:00+00:00,140.0,2.8,52.0,19750.0,0,1250.0,100170.0,5.2,0.2,POITIERS-BIARD,20.80000000000001,,,46.593833,0.314333,123,Poitiers,Vienne,86,Nouvelle-Aquitaine,75,5,2.500087253165825
07335,2025-05-01T06:00:00+00:00,130.0,1.3,77.0,49700.0,0,,100310.0,2.3,0.2,POITIERS-BIARD,13.900000000000034,,,46.593833,0.314333,123,Poitiers,Vienne,86,Nouvelle-Aquitaine,75,5,2.500087253165825
07335,2025-05-02T12:00:00+00:00,100.0,3.9,38.0,60000.0,0,4620.0,99910.0,7.1,-0.1,POITIERS-BIARD,24.900000000000034,,,46.593833,0.314333,123,Poitiers,Vienne,86,Nouvelle-Aquitaine,75,5,2.500087253165825
07335,2025-05-03T12:00:00+00:00,220.0,5.1,54.0,18850.0,0,1250.0,99800.0,8.1,-0.1,POITIERS-BIARD,24.200000000000045,,,46.593833,0.314333,123,Poitiers,Vienne,86,Nouvelle-Aquitaine,75,5,2.500087253165825
07335,2025-05-10T06:00:00+00:00,100.0,2.5,80.0,14410.0,0,,99930.0,4.6,-0.1,POITIERS-BIARD,12.300000000000011,,,46.593833,0.314333,123,Poitiers,Vienne,86,Nouvelle-Aquitaine,75,5,2.500087253165825
07335,2025-05-11T09:00:00+00:00,190.0,4.5,83.0,19780.0,0,450.0,99640.0,6.6,,POITIERS-BIARD,15.0,,,46.593833,0.314333,123,Poitiers,Vienne,86,Nouvelle-Aquitaine,75,5,2.500087253165825
07335,2025-05-11T21:00:00+00:00,200.0,1.8,89.0,53480.0,0,6660.0,99730.0,3.0,2.4,POITIERS-BIARD,11.100000000000023,,,46.593833,0.314333,123,Poitiers,Vienne,86,Nouvelle-Aquitaine,75,5,2.500087253165825
07335,2025-05-14T00:00:00+00:00,290.0,0.9,91.0,46400.0,0,,100200.0,1.3,0.2,POITIERS-BIARD,10.0,,,46.593833,0.314333,123,Poitiers,Vienne,86,Nouvelle-Aquitaine,75,5,2.500087253165825
07335,2025-05-19T06:00:00+00:00,60.0,1.9,78.0,18690.0,0,5760.0,99980.0,4.1,0.0,POITIERS-BIARD,11.800000000000011,,,46.593833,0.314333,123,Poitiers,Vienne,86,Nouvelle-Aquitaine,75,5,2.500087253165825
07335,2025-05-28T12:00:00+00:00,250.0,5.3,66.0,30710.0,0,800.0,101100.0,8.2,0.0,POITIERS-BIARD,20.200000000000045,,,46.593833,0.314333,123,Poitiers,Vienne,86,Nouvelle-Aquitaine,75,5,2.500087253165825
07335,2025-05-30T06:00:00+00:00,60.0,0.7,77.0,37540.0,0,,100710.0,1.6,0.0,POITIERS-BIARD,18.80000000000001,,,46.593833,0.314333,123,Poitiers,Vienne,86,Nouvelle-Aquitaine,75,5,2.500087253165825
07335,2025-05-20T12:00:00+00:00,300.0,5.4,33.0,6260.0,0,,100460.0,8.7,0.0,POITIERS-BIARD,23.400000000000034,,,46.593833,0.314333,123,Poitiers,Vienne,86,Nouvelle-Aquitaine,75,5,2.500087253165825
07335,2025-05-26T15:00:00+00:00,260.0,4.1,50.0,60000.0,0,1750.0,100860.0,5.6,0.2,POITIERS-BIARD,18.200000000000045,,,46.593833,0.314333,123,Poitiers,Vienne,86,Nouvelle-Aquitaine,75,5,2.500087253165825
07335,2025-05-18T00:00:00+00:00,50.0,2.4,82.0,19480.0,0,,100440.0,3.6,0.0,POITIERS-BIARD,9.800000000000011,,,46.593833,0.314333,123,Poitiers,Vienne,86,Nouvelle-Aquitaine,75,5,2.500087253165825
07335,2025-05-18T06:00:00+00:00,20.0,2.4,85.0,16330.0,0,,100390.0,3.8,0.0,POITIERS-BIARD,9.800000000000011,,,46.593833,0.314333,123,Poitiers,Vienne,86,Nouvelle-Aquitaine,75,5,2.500087253165825
07335,2025-05-20T00:00:00+00:00,330.0,2.3,84.0,18980.0,0,2640.0,100040.0,3.0,0.0,POITIERS-BIARD,14.5,,,46.593833,0.314333,123,Poitiers,Vienne,86,Nouvelle-Aquitaine,75,5,2.500087253165825
07335,2025-05-26T09:00:00+00:00,320.0,1.5,58.0,19840.0,0,1250.0,100950.0,3.2,2.0,POITIERS-BIARD,16.700000000000045,,,46.593833,0.314333,123,Poitiers,Vienne,86,Nouvelle-Aquitaine,75,5,2.500087253165825
07335,2025-05-29T15:00:00+00:00,200.0,1.5,53.0,54610.0,0,,100990.0,4.1,0.0,POITIERS-BIARD,24.80000000000001,,,46.593833,0.314333,123,Poitiers,Vienne,86,Nouvelle-Aquitaine,75,5,2.500087253165825
07335,2025-05-23T15:00:00+00:00,330.0,5.1,33.0,19800.0,0,2250.0,100500.0,8.7,0.2,POITIERS-BIARD,22.0,,,46.593833,0.314333,123,Poitiers,Vienne,86,Nouvelle-Aquitaine,75,5,2.500087253165825
07335,2025-05-19T21:00:00+00:00,340.0,1.7,72.0,19520.0,0,2700.0,100010.0,2.1,0.0,POITIERS-BIARD,17.600000000000023,,,46.593833,0.314333,123,Poitiers,Vienne,86,Nouvelle-Aquitaine,75,5,2.500087253165825
07335,2025-05-26T06:00:00+00:00,290.0,1.7,94.0,18520.0,0,1250.0,100900.0,2.6,2.0,POITIERS-BIARD,10.700000000000045,,,46.593833,0.314333,123,Poitiers,Vienne,86,Nouvelle-Aquitaine,75,5,2.500087253165825
07335,2025-05-28T03:00:00+00:00,230.0,2.7,97.0,10780.0,0,,100890.0,4.3,0.0,POITIERS-BIARD,10.300000000000011,,,46.593833,0.314333,123,Poitiers,Vienne,86,Nouvelle-Aquitaine,75,5,2.500087253165825
07335,2025-05-24T12:00:00+00:00,260.0,3.8,44.0,48850.0,0,1750.0,100610.0,6.3,0.0,POITIERS-BIARD,21.600000000000023,,,46.593833,0.314333,123,Poitiers,Vienne,86,Nouvelle-Aquitaine,75,5,2.500087253165825
07335,2025-05-16T12:00:00+00:00,30.0,7.0,42.0,7720.0,0,,100620.0,11.6,0.0,POITIERS-BIARD,19.80000000000001,,,46.593833,0.314333,123,Poitiers,Vienne,86,Nouvelle-Aquitaine,75,5,2.500087253165825
07335,2025-05-17T12:00:00+00:00,20.0,4.3,59.0,17640.0,0,1250.0,100510.0,8.3,0.0,POITIERS-BIARD,18.400000000000034,,,46.593833,0.314333,123,Poitiers,Vienne,86,Nouvelle-Aquitaine,75,5,2.500087253165825
07335,2025-05-23T00:00:00+00:00,290.0,2.2,95.0,17040.0,0,,100550.0,3.2,-0.1,POITIERS-BIARD,11.100000000000023,,,46.593833,0.314333,123,Poitiers,Vienne,86,Nouvelle-Aquitaine,75,5,2.500087253165825
07335,2025-05-23T06:00:00+00:00,320.0,2.7,86.0,19920.0,0,,100550.0,4.5,0.2,POITIERS-BIARD,11.5,,,46.593833,0.314333,123,Poitiers,Vienne,86,Nouvelle-Aquitaine,75,5,2.500087253165825
07335,2025-05-23T18:00:00+00:00,330.0,4.4,34.0,33460.0,0,,100550.0,6.7,0.2,POITIERS-BIARD,20.700000000000045,,,46.593833,0.314333,123,Poitiers,Vienne,86,Nouvelle-Aquitaine,75,5,2.500087253165825
07335,2025-05-24T00:00:00+00:00,280.0,1.1,81.0,58870.0,0,,100680.0,1.8,0.2,POITIERS-BIARD,11.100000000000023,,,46.593833,0.314333,123,Poitiers,Vienne,86,Nouvelle-Aquitaine,75,5,2.500087253165825
07335,2025-05-28T00:00:00+00:00,230.0,3.1,94.0,19600.0,0,,100950.0,4.4,0.0,POITIERS-BIARD,11.200000000000045,,,46.593833,0.314333,123,Poitiers,Vienne,86,Nouvelle-Aquitaine,75,5,2.500087253165825
07335,2025-05-28T09:00:00+00:00,240.0,7.1,73.0,33330.0,0,800.0,101090.0,11.3,0.0,POITIERS-BIARD,17.30000000000001,,,46.593833,0.314333,123,Poitiers,Vienne,86,Nouvelle-Aquitaine,75,5,2.500087253165825
07335,2025-05-30T09:00:00+00:00,120.0,1.0,52.0,52960.0,0,,100700.0,2.6,0.0,POITIERS-BIARD,26.80000000000001,,,46.593833,0.314333,123,Poitiers,Vienne,86,Nouvelle-Aquitaine,75,5,2.500087253165825
07335,2025-05-16T06:00:00+00:00,330.0,3.0,87.0,11990.0,0,,100600.0,4.5,0.0,POITIERS-BIARD,9.600000000000023,,,46.593833,0.314333,123,Poitiers,Vienne,86,Nouvelle-Aquitaine,75,5,2.500087253165825
07335,2025-05-23T21:00:00+00:00,300.0,1.1,65.0,60000.0,0,,100680.0,1.3,0.2,POITIERS-BIARD,13.700000000000045,,,46.593833,0.314333,123,Poitiers,Vienne,86,Nouvelle-Aquitaine,75,5,2.500087253165825
07335,2025-05-27T18:00:00+00:00,250.0,4.9,59.0,17960.0,0,1250.0,100890.0,8.9,0.0,POITIERS-BIARD,20.700000000000045,,,46.593833,0.314333,123,Poitiers,Vienne,86,Nouvelle-Aquitaine,75,5,2.500087253165825
07335,2025-05-30T03:00:00+00:00,100.0,1.0,92.0,52510.0,0,,100750.0,1.7,0.0,POITIERS-BIARD,14.800000000000011,,,46.593833,0.314333,123,Poitiers,Vienne,86,Nouvelle-Aquitaine,75,5,2.500087253165825
07335,2025-05-16T00:00:00+00:00,20.0,4.5,80.0,18380.0,0,,100620.0,8.1,0.2,POITIERS-BIARD,10.300000000000011,,,46.593833,0.314333,123,Poitiers,Vienne,86,Nouvelle-Aquitaine,75,5,2.500087253165825
07335,2025-05-16T09:00:00+00:00,10.0,3.7,66.0,10710.0,0,,100660.0,5.7,0.0,POITIERS-BIARD,15.700000000000045,,,46.593833,0.314333,123,Poitiers,Vienne,86,Nouvelle-Aquitaine,75,5,2.500087253165825
07335,2025-05-20T15:00:00+00:00,270.0,6.0,36.0,4600.0,10,,100420.0,9.4,0.0,POITIERS-BIARD,24.200000000000045,,,46.593833,0.314333,123,Poitiers,Vienne,86,Nouvelle-Aquitaine,75,5,2.500087253165825
07335,2025-05-16T18:00:00+00:00,20.0,5.1,37.0,19600.0,0,,100470.0,7.6,0.0,POITIERS-BIARD,19.700000000000045,,,46.593833,0.314333,123,Poitiers,Vienne,86,Nouvelle-Aquitaine,75,5,2.500087253165825
07335,2025-05-21T15:00:00+00:00,260.0,2.3,94.0,5940.0,61,450.0,100180.0,3.3,5.8,POITIERS-BIARD,13.300000000000011,,,46.593833,0.314333,123,Poitiers,Vienne,86,Nouvelle-Aquitaine,75,5,2.500087253165825
07335,2025-05-25T15:00:00+00:00,220.0,6.7,94.0,3640.0,10,250.0,100490.0,9.3,2.0,POITIERS-BIARD,17.200000000000045,,,46.593833,0.314333,123,Poitiers,Vienne,86,Nouvelle-Aquitaine,75,5,2.500087253165825
07335,2025-05-27T06:00:00+00:00,210.0,3.4,93.0,18220.0,0,,100980.0,5.2,0.2,POITIERS-BIARD,11.800000000000011,,,46.593833,0.314333,123,Poitiers,Vienne,86,Nouvelle-Aquitaine,75,5,2.500087253165825
07335,2025-05-30T21:00:00+00:00,0.0,0.0,62.0,60000.0,0,5160.0,100460.0,0.5,0.0,POITIERS-BIARD,24.400000000000034,,,46.593833,0.314333,123,Poitiers,Vienne,86,Nouvelle-Aquitaine,75,5,2.500087253165825
07335,2025-05-17T18:00:00+00:00,30.0,4.6,51.0,19270.0,0,,100330.0,8.0,0.0,POITIERS-BIARD,18.30000000000001,,,46.593833,0.314333,123,Poitiers,Vienne,86,Nouvelle-Aquitaine,75,5,2.500087253165825
07335,2025-05-21T18:00:00+00:00,280.0,2.1,93.0,10920.0,60,1250.0,100090.0,3.4,7.7,POITIERS-BIARD,12.5,,,46.593833,0.314333,123,Poitiers,Vienne,86,Nouvelle-Aquitaine,75,5,2.500087253165825
07335,2025-05-22T12:00:00+00:00,350.0,4.3,58.0,19920.0,0,1250.0,100610.0,8.4,7.7,POITIERS-BIARD,17.600000000000023,,,46.593833,0.314333,123,Poitiers,Vienne,86,Nouvelle-Aquitaine,75,5,2.500087253165825
07335,2025-05-24T15:00:00+00:00,270.0,5.2,45.0,400.0,,1750.0,100540.0,8.3,0.0,POITIERS-BIARD,22.0,,,46.593833,0.314333,123,Poitiers,Vienne,86,Nouvelle-Aquitaine,75,5,2.500087253165825
07335,2025-05-29T12:00:00+00:00,170.0,2.3,67.0,17700.0,0,800.0,101170.0,5.5,0.0,POITIERS-BIARD,20.900000000000034,,,46.593833,0.314333,123,Poitiers,Vienne,86,Nouvelle-Aquitaine,75,5,2.500087253165825
07335,2025-05-24T18:00:00+00:00,260.0,5.8,54.0,47200.0,0,4440.0,100530.0,8.8,0.0,POITIERS-BIARD,19.200000000000045,,,46.593833,0.314333,123,Poitiers,Vienne,86,Nouvelle-Aquitaine,75,5,2.500087253165825
07335,2025-05-25T21:00:00+00:00,250.0,3.7,83.0,60000.0,0,800.0,100630.0,5.2,2.0,POITIERS-BIARD,15.100000000000023,,,46.593833,0.314333,123,Poitiers,Vienne,86,Nouvelle-Aquitaine,75,5,2.500087253165825
07335,2025-05-18T21:00:00+00:00,50.0,2.0,60.0,58820.0,0,,100020.0,2.9,0.0,POITIERS-BIARD,15.0,,,46.593833,0.314333,123,Poitiers,Vienne,86,Nouvelle-Aquitaine,75,5,2.500087253165825
07335,2025-05-19T03:00:00+00:00,30.0,3.2,85.0,19890.0,0,,99930.0,4.5,0.0,POITIERS-BIARD,8.700000000000045,,,46.593833,0.314333,123,Poitiers,Vienne,86,Nouvelle-Aquitaine,75,5,2.500087253165825
07335,2025-05-16T21:00:00+00:00,360.0,2.3,67.0,60000.0,0,,100560.0,3.0,0.0,POITIERS-BIARD,12.100000000000023,,,46.593833,0.314333,123,Poitiers,Vienne,86,Nouvelle-Aquitaine,75,5,2.500087253165825
07335,2025-05-30T00:00:00+00:00,120.0,0.5,87.0,57500.0,0,,100820.0,1.3,0.0,POITIERS-BIARD,15.900000000000034,,,46.593833,0.314333,123,Poitiers,Vienne,86,Nouvelle-Aquitaine,75,5,2.500087253165825
07335,2025-05-21T21:00:00+00:00,310.0,2.3,92.0,19890.0,0,1250.0,100210.0,3.7,7.7,POITIERS-BIARD,10.5,,,46.593833,0.314333,123,Poitiers,Vienne,86,Nouvelle-Aquitaine,75,5,2.500087253165825
07335,2025-05-22T00:00:00+00:00,320.0,4.7,93.0,19790.0,0,450.0,100280.0,7.6,7.7,POITIERS-BIARD,10.200000000000045,,,46.593833,0.314333,123,Poitiers,Vienne,86,Nouvelle-Aquitaine,75,5,2.500087253165825
07335,2025-05-24T03:00:00+00:00,220.0,1.8,94.0,19700.0,0,,100600.0,2.2,0.0,POITIERS-BIARD,7.400000000000034,,,46.593833,0.314333,123,Poitiers,Vienne,86,Nouvelle-Aquitaine,75,5,2.500087253165825
07335,2025-05-26T21:00:00+00:00,230.0,1.6,84.0,55220.0,0,7320.0,100950.0,2.4,0.2,POITIERS-BIARD,11.600000000000023,,,46.593833,0.314333,123,Poitiers,Vienne,86,Nouvelle-Aquitaine,75,5,2.500087253165825
07335,2025-05-19T15:00:00+00:00,270.0,1.9,57.0,18410.0,0,1250.0,99910.0,4.1,0.0,POITIERS-BIARD,23.400000000000034,,,46.593833,0.314333,123,Poitiers,Vienne,86,Nouvelle-Aquitaine,75,5,2.500087253165825
07335,2025-05-21T12:00:00+00:00,220.0,5.1,64.0,19040.0,0,800.0,100290.0,8.2,0.0,POITIERS-BIARD,17.700000000000045,,,46.593833,0.314333,123,Poitiers,Vienne,86,Nouvelle-Aquitaine,75,5,2.500087253165825
07335,2025-05-22T03:00:00+00:00,320.0,4.3,94.0,15660.0,0,1250.0,100320.0,7.5,7.7,POITIERS-BIARD,10.0,,,46.593833,0.314333,123,Poitiers,Vienne,86,Nouvelle-Aquitaine,75,5,2.500087253165825
07335,2025-05-22T15:00:00+00:00,330.0,5.5,43.0,60000.0,0,1750.0,100500.0,9.7,1.9,POITIERS-BIARD,21.0,,,46.593833,0.314333,123,Poitiers,Vienne,86,Nouvelle-Aquitaine,75,5,2.500087253165825
07335,2025-05-22T21:00:00+00:00,320.0,1.2,71.0,60000.0,0,1750.0,100570.0,1.9,-0.1,POITIERS-BIARD,15.300000000000011,,,46.593833,0.314333,123,Poitiers,Vienne,86,Nouvelle-Aquitaine,75,5,2.500087253165825
07335,2025-05-25T09:00:00+00:00,230.0,5.3,81.0,47550.0,0,450.0,100520.0,8.0,0.2,POITIERS-BIARD,15.800000000000011,,,46.593833,0.314333,123,Poitiers,Vienne,86,Nouvelle-Aquitaine,75,5,2.500087253165825
07335,2025-05-26T03:00:00+00:00,220.0,1.6,93.0,19560.0,0,1250.0,100780.0,2.0,2.0,POITIERS-BIARD,9.900000000000034,,,46.593833,0.314333,123,Poitiers,Vienne,86,Nouvelle-Aquitaine,75,5,2.500087253165825
07335,2025-05-20T09:00:00+00:00,320.0,4.6,59.0,15790.0,0,,100430.0,8.0,0.0,POITIERS-BIARD,19.900000000000034,,,46.593833,0.314333,123,Poitiers,Vienne,86,Nouvelle-Aquitaine,75,5,2.500087253165825
07335,2025-05-20T18:00:00+00:00,280.0,4.8,47.0,13020.0,0,1750.0,100470.0,8.9,0.0,POITIERS-BIARD,21.900000000000034,,,46.593833,0.314333,123,Poitiers,Vienne,86,Nouvelle-Aquitaine,75,5,2.500087253165825
07335,2025-05-23T12:00:00+00:00,290.0,3.0,44.0,51180.0,0,1750.0,100560.0,6.7,0.2,POITIERS-BIARD,20.900000000000034,,,46.593833,0.314333,123,Poitiers,Vienne,86,Nouvelle-Aquitaine,75,5,2.500087253165825
07335,2025-05-27T09:00:00+00:00,220.0,6.0,68.0,17140.0,0,800.0,101050.0,9.4,0.0,POITIERS-BIARD,17.30000000000001,,,46.593833,0.314333,123,Poitiers,Vienne,86,Nouvelle-Aquitaine,75,5,2.500087253165825
07335,2025-05-29T18:00:00+00:00,260.0,0.9,52.0,59860.0,0,,100830.0,3.2,0.0,POITIERS-BIARD,26.400000000000034,,,46.593833,0.314333,123,Poitiers,Vienne,86,Nouvelle-Aquitaine,75,5,2.500087253165825
07335,2025-05-29T00:00:00+00:00,230.0,1.7,98.0,310.0,44,,101210.0,2.3,0.0,POITIERS-BIARD,12.600000000000023,,,46.593833,0.314333,123,Poitiers,Vienne,86,Nouvelle-Aquitaine,75,5,2.500087253165825
07335,2025-05-29T03:00:00+00:00,290.0,1.1,96.0,14130.0,0,250.0,101170.0,2.1,0.0,POITIERS-BIARD,14.600000000000023,,,46.593833,0.314333,123,Poitiers,Vienne,86,Nouvelle-Aquitaine,75,5,2.500087253165825
07335,2025-05-20T21:00:00+00:00,270.0,3.9,60.0,33800.0,0,,100570.0,5.7,0.0,POITIERS-BIARD,15.100000000000023,,,46.593833,0.314333,123,Poitiers,Vienne,86,Nouvelle-Aquitaine,75,5,2.500087253165825
07335,2025-05-25T00:00:00+00:00,220.0,3.0,94.0,19740.0,0,5940.0,100580.0,4.3,0.0,POITIERS-BIARD,12.200000000000045,,,46.593833,0.314333,123,Poitiers,Vienne,86,Nouvelle-Aquitaine,75,5,2.500087253165825
07335,2025-05-20T03:00:00+00:00,310.0,3.2,81.0,19890.0,0,,100100.0,4.5,0.0,POITIERS-BIARD,11.900000000000034,,,46.593833,0.314333,123,Poitiers,Vienne,86,Nouvelle-Aquitaine,75,5,2.500087253165825
07335,2025-05-16T15:00:00+00:00,30.0,5.9,38.0,11830.0,0,,100520.0,9.4,0.0,POITIERS-BIARD,21.200000000000045,,,46.593833,0.314333,123,Poitiers,Vienne,86,Nouvelle-Aquitaine,75,5,2.500087253165825
07335,2025-05-17T00:00:00+00:00,30.0,2.5,75.0,60000.0,0,,100560.0,3.0,0.0,POITIERS-BIARD,9.800000000000011,,,46.593833,0.314333,123,Poitiers,Vienne,86,Nouvelle-Aquitaine,75,5,2.500087253165825
07335,2025-05-17T15:00:00+00:00,40.0,4.7,45.0,60000.0,0,,100400.0,8.0,0.0,POITIERS-BIARD,19.80000000000001,,,46.593833,0.314333,123,Poitiers,Vienne,86,Nouvelle-Aquitaine,75,5,2.500087253165825
07335,2025-05-18T09:00:00+00:00,70.0,5.0,54.0,19070.0,0,,100350.0,9.9,0.0,POITIERS-BIARD,17.5,,,46.593833,0.314333,123,Poitiers,Vienne,86,Nouvelle-Aquitaine,75,5,2.500087253165825
07335,2025-05-25T12:00:00+00:00,230.0,6.7,77.0,41260.0,0,800.0,100490.0,9.7,0.8,POITIERS-BIARD,17.600000000000023,,,46.593833,0.314333,123,Poitiers,Vienne,86,Nouvelle-Aquitaine,75,5,2.500087253165825
07335,2025-05-27T00:00:00+00:00,230.0,1.8,92.0,45880.0,0,,100970.0,2.4,0.2,POITIERS-BIARD,8.800000000000011,,,46.593833,0.314333,123,Poitiers,Vienne,86,Nouvelle-Aquitaine,75,5,2.500087253165825
07335,2025-05-30T18:00:00+00:00,290.0,1.2,40.0,60000.0,0,,100410.0,1.8,0.0,POITIERS-BIARD,31.100000000000023,,,46.593833,0.314333,123,Poitiers,Vienne,86,Nouvelle-Aquitaine,75,5,2.500087253165825
07335,2025-05-21T00:00:00+00:00,260.0,2.7,78.0,27790.0,0,5760.0,100560.0,4.3,0.0,POITIERS-BIARD,12.100000000000023,,,46.593833,0.314333,123,Poitiers,Vienne,86,Nouvelle-Aquitaine,75,5,2.500087253165825
07335,2025-05-24T06:00:00+00:00,210.0,2.5,96.0,11220.0,0,,100600.0,3.2,0.0,POITIERS-BIARD,10.300000000000011,,,46.593833,0.314333,123,Poitiers,Vienne,86,Nouvelle-Aquitaine,75,5,2.500087253165825
07335,2025-05-27T12:00:00+00:00,220.0,6.2,60.0,32850.0,0,800.0,101000.0,9.8,0.0,POITIERS-BIARD,20.100000000000023,,,46.593833,0.314333,123,Poitiers,Vienne,86,Nouvelle-Aquitaine,75,5,2.500087253165825
07335,2025-05-21T03:00:00+00:00,240.0,2.5,96.0,5710.0,0,4440.0,100470.0,3.4,0.0,POITIERS-BIARD,9.400000000000034,,,46.593833,0.314333,123,Poitiers,Vienne,86,Nouvelle-Aquitaine,75,5,2.500087253165825
07335,2025-05-22T06:00:00+00:00,320.0,4.1,92.0,15130.0,0,150.0,100510.0,6.1,7.7,POITIERS-BIARD,9.600000000000023,,,46.593833,0.314333,123,Poitiers,Vienne,86,Nouvelle-Aquitaine,75,5,2.500087253165825
07335,2025-05-23T09:00:00+00:00,320.0,3.0,67.0,18390.0,0,800.0,100600.0,5.5,0.2,POITIERS-BIARD,17.0,,,46.593833,0.314333,123,Poitiers,Vienne,86,Nouvelle-Aquitaine,75,5,2.500087253165825
07335,2025-05-24T21:00:00+00:00,240.0,5.4,79.0,60000.0,0,6000.0,100590.0,8.5,0.0,POITIERS-BIARD,14.400000000000034,,,46.593833,0.314333,123,Poitiers,Vienne,86,Nouvelle-Aquitaine,75,5,2.500087253165825
07335,2025-05-25T03:00:00+00:00,210.0,3.2,97.0,8770.0,0,5640.0,100480.0,4.1,0.0,POITIERS-BIARD,10.800000000000011,,,46.593833,0.314333,123,Poitiers,Vienne,86,Nouvelle-Aquitaine,75,5,2.500087253165825
07335,2025-05-25T06:00:00+00:00,210.0,4.6,97.0,15540.0,0,800.0,100490.0,7.4,0.0,POITIERS-BIARD,12.300000000000011,,,46.593833,0.314333,123,Poitiers,Vienne,86,Nouvelle-Aquitaine,75,5,2.500087253165825
07335,2025-05-19T09:00:00+00:00,60.0,3.4,66.0,19200.0,0,4440.0,99930.0,6.2,0.0,POITIERS-BIARD,15.600000000000023,,,46.593833,0.314333,123,Poitiers,Vienne,86,Nouvelle-Aquitaine,75,5,2.500087253165825
07335,2025-05-19T18:00:00+00:00,70.0,2.5,59.0,18040.0,0,3480.0,99870.0,4.5,0.0,POITIERS-BIARD,20.600000000000023,,,46.593833,0.314333,123,Poitiers,Vienne,86,Nouvelle-Aquitaine,75,5,2.500087253165825
07335,2025-05-18T03:00:00+00:00,40.0,2.2,89.0,14410.0,0,,100360.0,3.0,0.0,POITIERS-BIARD,6.800000000000011,,,46.593833,0.314333,123,Poitiers,Vienne,86,Nouvelle-Aquitaine,75,5,2.500087253165825
07335,2025-05-17T06:00:00+00:00,350.0,3.1,84.0,18510.0,0,,100590.0,4.3,0.0,POITIERS-BIARD,9.700000000000045,,,46.593833,0.314333,123,Poitiers,Vienne,86,Nouvelle-Aquitaine,75,5,2.500087253165825
07335,2025-05-17T09:00:00+00:00,10.0,3.2,67.0,16250.0,0,,100570.0,5.9,0.0,POITIERS-BIARD,15.100000000000023,,,46.593833,0.314333,123,Poitiers,Vienne,86,Nouvelle-Aquitaine,75,5,2.500087253165825
07335,2025-05-17T21:00:00+00:00,30.0,3.2,78.0,19960.0,0,,100460.0,5.0,0.0,POITIERS-BIARD,11.400000000000034,,,46.593833,0.314333,123,Poitiers,Vienne,86,Nouvelle-Aquitaine,75,5,2.500087253165825
07335,2025-05-19T00:00:00+00:00,40.0,3.4,77.0,57300.0,0,,99970.0,5.6,0.0,POITIERS-BIARD,11.800000000000011,,,46.593833,0.314333,123,Poitiers,Vienne,86,Nouvelle-Aquitaine,75,5,2.500087253165825
07335,2025-05-29T09:00:00+00:00,210.0,1.6,86.0,43740.0,0,450.0,101210.0,3.0,0.0,POITIERS-BIARD,16.200000000000045,,,46.593833,0.314333,123,Poitiers,Vienne,86,Nouvelle-Aquitaine,75,5,2.500087253165825
07335,2025-05-17T03:00:00+00:00,360.0,2.5,83.0,60000.0,0,,100540.0,3.9,0.0,POITIERS-BIARD,8.800000000000011,,,46.593833,0.314333,123,Poitiers,Vienne,86,Nouvelle-Aquitaine,75,5,2.500087253165825
07335,2025-05-29T21:00:00+00:00,80.0,2.1,71.0,60000.0,0,,100870.0,2.7,0.0,POITIERS-BIARD,20.30000000000001,,,46.593833,0.314333,123,Poitiers,Vienne,86,Nouvelle-Aquitaine,75,5,2.500087253165825
07335,2025-05-30T15:00:00+00:00,260.0,2.1,35.0,52040.0,0,,100510.0,4.0,0.0,POITIERS-BIARD,32.0,,,46.593833,0.314333,123,Poitiers,Vienne,86,Nouvelle-Aquitaine,75,5,2.500087253165825
07335,2025-05-21T06:00:00+00:00,210.0,3.3,98.0,5690.0,0,250.0,100440.0,4.9,0.0,POITIERS-BIARD,11.100000000000023,,,46.593833,0.314333,123,Poitiers,Vienne,86,Nouvelle-Aquitaine,75,5,2.500087253165825
07335,2025-05-24T09:00:00+00:00,250.0,2.6,60.0,19430.0,0,2940.0,100680.0,4.7,0.0,POITIERS-BIARD,18.100000000000023,,,46.593833,0.314333,123,Poitiers,Vienne,86,Nouvelle-Aquitaine,75,5,2.500087253165825
07335,2025-05-16T03:00:00+00:00,340.0,2.5,87.0,15470.0,0,,100570.0,4.2,0.2,POITIERS-BIARD,8.200000000000045,,,46.593833,0.314333,123,Poitiers,Vienne,86,Nouvelle-Aquitaine,75,5,2.500087253165825
07335,2025-05-20T06:00:00+00:00,320.0,3.8,80.0,16800.0,0,1750.0,100270.0,5.7,0.0,POITIERS-BIARD,12.800000000000011,,,46.593833,0.314333,123,Poitiers,Vienne,86,Nouvelle-Aquitaine,75,5,2.500087253165825
07335,2025-05-26T12:00:00+00:00,160.0,1.8,50.0,51960.0,0,1250.0,100920.0,4.7,1.4,POITIERS-BIARD,19.30000000000001,,,46.593833,0.314333,123,Poitiers,Vienne,86,Nouvelle-Aquitaine,75,5,2.500087253165825
07335,2025-05-26T18:00:00+00:00,270.0,3.8,64.0,53970.0,0,1750.0,100870.0,6.0,0.2,POITIERS-BIARD,16.700000000000045,,,46.593833,0.314333,123,Poitiers,Vienne,86,Nouvelle-Aquitaine,75,5,2.500087253165825
07335,2025-05-27T15:00:00+00:00,250.0,6.0,57.0,21560.0,0,1250.0,100920.0,8.9,0.0,POITIERS-BIARD,21.30000000000001,,,46.593833,0.314333,123,Poitiers,Vienne,86,Nouvelle-Aquitaine,75,5,2.500087253165825
07335,2025-05-28T06:00:00+00:00,230.0,4.3,96.0,16890.0,0,450.0,100980.0,7.2,0.0,POITIERS-BIARD,13.700000000000045,,,46.593833,0.314333,123,Poitiers,Vienne,86,Nouvelle-Aquitaine,75,5,2.500087253165825
07335,2025-05-29T06:00:00+00:00,330.0,1.3,91.0,16690.0,0,250.0,101240.0,2.2,0.0,POITIERS-BIARD,14.800000000000011,,,46.593833,0.314333,123,Poitiers,Vienne,86,Nouvelle-Aquitaine,75,5,2.500087253165825
07335,2025-05-18T12:00:00+00:00,80.0,5.0,44.0,14000.0,0,,100230.0,9.7,0.0,POITIERS-BIARD,20.80000000000001,,,46.593833,0.314333,123,Poitiers,Vienne,86,Nouvelle-Aquitaine,75,5,2.500087253165825
07335,2025-05-19T12:00:00+00:00,160.0,1.4,59.0,17820.0,0,2580.0,100020.0,3.8,0.0,POITIERS-BIARD,20.0,,,46.593833,0.314333,123,Poitiers,Vienne,86,Nouvelle-Aquitaine,75,5,2.500087253165825
07335,2025-05-22T18:00:00+00:00,310.0,3.3,46.0,19800.0,0,2250.0,100450.0,5.3,-0.1,POITIERS-BIARD,19.100000000000023,,,46.593833,0.314333,123,Poitiers,Vienne,86,Nouvelle-Aquitaine,75,5,2.500087253165825
07335,2025-05-27T03:00:00+00:00,220.0,3.4,96.0,16300.0,0,,100920.0,4.4,0.2,POITIERS-BIARD,7.800000000000011,,,46.593833,0.314333,123,Poitiers,Vienne,86,Nouvelle-Aquitaine,75,5,2.500087253165825
07335,2025-05-28T18:00:00+00:00,240.0,6.3,75.0,38350.0,0,450.0,101070.0,10.8,0.0,POITIERS-BIARD,19.5,,,46.593833,0.314333,123,Poitiers,Vienne,86,Nouvelle-Aquitaine,75,5,2.500087253165825
07335,2025-05-28T21:00:00+00:00,230.0,3.4,95.0,48410.0,0,,101190.0,5.0,0.0,POITIERS-BIARD,14.300000000000011,,,46.593833,0.314333,123,Poitiers,Vienne,86,Nouvelle-Aquitaine,75,5,2.500087253165825
07335,2025-05-21T09:00:00+00:00,240.0,5.7,78.0,18020.0,0,450.0,100420.0,9.0,0.0,POITIERS-BIARD,15.100000000000023,,,46.593833,0.314333,123,Poitiers,Vienne,86,Nouvelle-Aquitaine,75,5,2.500087253165825
07335,2025-05-23T03:00:00+00:00,320.0,3.0,87.0,38180.0,0,,100500.0,4.4,0.2,POITIERS-BIARD,9.700000000000045,,,46.593833,0.314333,123,Poitiers,Vienne,86,Nouvelle-Aquitaine,75,5,2.500087253165825
07335,2025-05-25T18:00:00+00:00,240.0,4.7,72.0,60000.0,0,800.0,100460.0,7.4,2.0,POITIERS-BIARD,19.400000000000034,,,46.593833,0.314333,123,Poitiers,Vienne,86,Nouvelle-Aquitaine,75,5,2.500087253165825
07335,2025-05-18T18:00:00+00:00,60.0,3.6,42.0,19670.0,0,6900.0,100000.0,6.5,0.0,POITIERS-BIARD,20.600000000000023,,,46.593833,0.314333,123,Poitiers,Vienne,86,Nouvelle-Aquitaine,75,5,2.500087253165825
07335,2025-05-22T09:00:00+00:00,350.0,4.0,85.0,19720.0,0,450.0,100660.0,7.2,7.7,POITIERS-BIARD,11.400000000000034,,,46.593833,0.314333,123,Poitiers,Vienne,86,Nouvelle-Aquitaine,75,5,2.500087253165825
07335,2025-05-26T00:00:00+00:00,250.0,2.3,82.0,60000.0,0,,100700.0,3.5,2.0,POITIERS-BIARD,11.400000000000034,,,46.593833,0.314333,123,Poitiers,Vienne,86,Nouvelle-Aquitaine,75,5,2.500087253165825
07335,2025-05-27T21:00:00+00:00,260.0,3.5,81.0,60000.0,0,,101010.0,5.2,0.0,POITIERS-BIARD,14.5,,,46.593833,0.314333,123,Poitiers,Vienne,86,Nouvelle-Aquitaine,75,5,2.500087253165825
07335,2025-05-28T15:00:00+00:00,250.0,6.0,73.0,29290.0,0,800.0,101100.0,8.2,0.0,POITIERS-BIARD,19.600000000000023,,,46.593833,0.314333,123,Poitiers,Vienne,86,Nouvelle-Aquitaine,75,5,2.500087253165825
07335,2025-05-30T12:00:00+00:00,220.0,2.9,40.0,46640.0,0,,100610.0,6.6,0.0,POITIERS-BIARD,30.600000000000023,,,46.593833,0.314333,123,Poitiers,Vienne,86,Nouvelle-Aquitaine,75,5,2.500087253165825
07335,2025-05-18T15:00:00+00:00,60.0,4.6,40.0,13810.0,0,,100080.0,7.8,0.0,POITIERS-BIARD,22.200000000000045,,,46.593833,0.314333,123,Poitiers,Vienne,86,Nouvelle-Aquitaine,75,5,2.500087253165825
07335,2025-06-02T00:00:00+00:00,260.0,1.1,92.0,19570.0,0,5640.0,100470.0,2.0,0.0,POITIERS-BIARD,13.100000000000023,,,46.593833,0.314333,123,Poitiers,Vienne,86,Nouvelle-Aquitaine,75,6,2.500087253165825
07335,2025-06-05T03:00:00+00:00,190.0,4.1,93.0,46640.0,0,800.0,99950.0,6.7,0.6,POITIERS-BIARD,12.700000000000045,,,46.593833,0.314333,123,Poitiers,Vienne,86,Nouvelle-Aquitaine,75,6,2.500087253165825
07335,2025-06-08T15:00:00+00:00,260.0,4.2,45.0,19980.0,0,1750.0,100870.0,7.1,1.0,POITIERS-BIARD,21.600000000000023,,,46.593833,0.314333,123,Poitiers,Vienne,86,Nouvelle-Aquitaine,75,6,2.500087253165825
07335,2025-06-08T21:00:00+00:00,330.0,1.3,71.0,60000.0,0,,100970.0,2.2,0.8,POITIERS-BIARD,15.600000000000023,,,46.593833,0.314333,123,Poitiers,Vienne,86,Nouvelle-Aquitaine,75,6,2.500087253165825
07335,2025-06-14T03:00:00+00:00,290.0,3.7,91.0,11360.0,0,,100250.0,6.5,0.0,POITIERS-BIARD,19.600000000000023,,,46.593833,0.314333,123,Poitiers,Vienne,86,Nouvelle-Aquitaine,75,6,2.500087253165825
07335,2025-06-11T21:00:00+00:00,90.0,2.0,47.0,40570.0,0,4800.0,99780.0,4.3,0.0,POITIERS-BIARD,26.600000000000023,,,46.593833,0.314333,123,Poitiers,Vienne,86,Nouvelle-Aquitaine,75,6,2.500087253165825
07335,2025-06-03T00:00:00+00:00,300.0,2.5,85.0,34570.0,0,,100220.0,3.5,-0.1,POITIERS-BIARD,11.800000000000011,,,46.593833,0.314333,123,Poitiers,Vienne,86,Nouvelle-Aquitaine,75,6,2.500087253165825
07335,2025-06-05T06:00:00+00:00,200.0,4.5,92.0,55240.0,0,250.0,99960.0,6.9,0.6,POITIERS-BIARD,13.700000000000045,,,46.593833,0.314333,123,Poitiers,Vienne,86,Nouvelle-Aquitaine,75,6,2.500087253165825
07335,2025-06-08T18:00:00+00:00,240.0,2.5,47.0,19930.0,0,,100880.0,3.7,1.0,POITIERS-BIARD,21.30000000000001,,,46.593833,0.314333,123,Poitiers,Vienne,86,Nouvelle-Aquitaine,75,6,2.500087253165825
07335,2025-06-10T09:00:00+00:00,340.0,1.0,47.0,18820.0,0,,100600.0,2.2,0.0,POITIERS-BIARD,24.0,,,46.593833,0.314333,123,Poitiers,Vienne,86,Nouvelle-Aquitaine,75,6,2.500087253165825
07335,2025-06-14T06:00:00+00:00,270.0,2.7,87.0,16400.0,0,250.0,100470.0,5.0,0.0,POITIERS-BIARD,19.5,,,46.593833,0.314333,123,Poitiers,Vienne,86,Nouvelle-Aquitaine,75,6,2.500087253165825
07335,2025-06-14T21:00:00+00:00,320.0,1.9,70.0,60000.0,0,1750.0,100760.0,2.9,0.0,POITIERS-BIARD,18.600000000000023,,,46.593833,0.314333,123,Poitiers,Vienne,86,Nouvelle-Aquitaine,75,6,2.500087253165825
07335,2025-06-01T03:00:00+00:00,200.0,3.3,97.0,11310.0,0,150.0,100420.0,4.9,0.0,POITIERS-BIARD,14.700000000000045,,,46.593833,0.314333,123,Poitiers,Vienne,86,Nouvelle-Aquitaine,75,6,2.500087253165825
07335,2025-06-06T00:00:00+00:00,220.0,6.8,96.0,13170.0,53,250.0,99900.0,9.5,2.6,POITIERS-BIARD,16.400000000000034,,,46.593833,0.314333,123,Poitiers,Vienne,86,Nouvelle-Aquitaine,75,6,2.500087253165825
07335,2025-06-10T18:00:00+00:00,250.0,3.0,40.0,17260.0,0,,100420.0,4.2,0.0,POITIERS-BIARD,28.0,,,46.593833,0.314333,123,Poitiers,Vienne,86,Nouvelle-Aquitaine,75,6,2.500087253165825
07335,2025-06-03T15:00:00+00:00,250.0,6.3,54.0,60000.0,0,1750.0,99980.0,9.3,0.0,POITIERS-BIARD,21.600000000000023,,,46.593833,0.314333,123,Poitiers,Vienne,86,Nouvelle-Aquitaine,75,6,2.500087253165825
07335,2025-06-06T15:00:00+00:00,250.0,7.8,61.0,19910.0,0,800.0,100180.0,12.0,7.4,POITIERS-BIARD,21.30000000000001,,,46.593833,0.314333,123,Poitiers,Vienne,86,Nouvelle-Aquitaine,75,6,2.500087253165825
07335,2025-06-12T06:00:00+00:00,180.0,4.1,85.0,60000.0,0,2250.0,99820.0,6.5,1.6,POITIERS-BIARD,19.30000000000001,,,46.593833,0.314333,123,Poitiers,Vienne,86,Nouvelle-Aquitaine,75,6,2.500087253165825
07335,2025-06-12T21:00:00+00:00,320.0,1.1,72.0,41800.0,0,,100250.0,1.7,1.6,POITIERS-BIARD,21.900000000000034,,,46.593833,0.314333,123,Poitiers,Vienne,86,Nouvelle-Aquitaine,75,6,2.500087253165825
07335,2025-05-31T00:00:00+00:00,170.0,0.6,81.0,60000.0,0,3900.0,100420.0,1.0,0.0,POITIERS-BIARD,21.100000000000023,,,46.593833,0.314333,123,Poitiers,Vienne,86,Nouvelle-Aquitaine,75,5,2.500087253165825
07335,2025-06-06T03:00:00+00:00,210.0,6.3,96.0,29760.0,0,250.0,99930.0,9.7,3.0,POITIERS-BIARD,16.0,,,46.593833,0.314333,123,Poitiers,Vienne,86,Nouvelle-Aquitaine,75,6,2.500087253165825
07335,2025-06-06T06:00:00+00:00,250.0,3.6,96.0,16890.0,0,250.0,100040.0,5.1,7.8,POITIERS-BIARD,14.400000000000034,,,46.593833,0.314333,123,Poitiers,Vienne,86,Nouvelle-Aquitaine,75,6,2.500087253165825
07335,2025-06-08T00:00:00+00:00,230.0,4.8,95.0,19920.0,0,450.0,100340.0,7.1,0.6,POITIERS-BIARD,14.600000000000023,,,46.593833,0.314333,123,Poitiers,Vienne,86,Nouvelle-Aquitaine,75,6,2.500087253165825
07335,2025-06-13T03:00:00+00:00,340.0,2.5,87.0,44010.0,0,,100340.0,3.5,0.2,POITIERS-BIARD,16.200000000000045,,,46.593833,0.314333,123,Poitiers,Vienne,86,Nouvelle-Aquitaine,75,6,2.500087253165825
07335,2025-06-04T12:00:00+00:00,310.0,4.9,75.0,60000.0,0,450.0,99780.0,7.5,0.6,POITIERS-BIARD,17.700000000000045,,,46.593833,0.314333,123,Poitiers,Vienne,86,Nouvelle-Aquitaine,75,6,2.500087253165825
07335,2025-06-07T00:00:00+00:00,230.0,3.8,91.0,46710.0,0,2820.0,100190.0,5.4,5.2,POITIERS-BIARD,13.0,,,46.593833,0.314333,123,Poitiers,Vienne,86,Nouvelle-Aquitaine,75,6,2.500087253165825
07335,2025-06-09T21:00:00+00:00,80.0,1.7,55.0,58240.0,0,,100700.0,2.6,0.2,POITIERS-BIARD,19.700000000000045,,,46.593833,0.314333,123,Poitiers,Vienne,86,Nouvelle-Aquitaine,75,6,2.500087253165825
07335,2025-06-10T03:00:00+00:00,330.0,0.7,94.0,19800.0,0,,100530.0,1.1,0.2,POITIERS-BIARD,10.0,,,46.593833,0.314333,123,Poitiers,Vienne,86,Nouvelle-Aquitaine,75,6,2.500087253165825
07335,2025-05-31T18:00:00+00:00,240.0,5.9,69.0,17410.0,0,6720.0,100400.0,8.3,0.0,POITIERS-BIARD,24.0,,,46.593833,0.314333,123,Poitiers,Vienne,86,Nouvelle-Aquitaine,75,5,2.500087253165825
07335,2025-06-13T09:00:00+00:00,70.0,3.7,56.0,53220.0,0,,100300.0,7.7,0.0,POITIERS-BIARD,26.600000000000023,,,46.593833,0.314333,123,Poitiers,Vienne,86,Nouvelle-Aquitaine,75,6,2.500087253165825
07335,2025-06-14T09:00:00+00:00,290.0,2.7,67.0,58390.0,0,30.0,100630.0,4.8,0.0,POITIERS-BIARD,22.400000000000034,,,46.593833,0.314333,123,Poitiers,Vienne,86,Nouvelle-Aquitaine,75,6,2.500087253165825
07335,2025-06-01T15:00:00+00:00,200.0,3.5,62.0,60000.0,0,1250.0,100290.0,6.6,0.0,POITIERS-BIARD,23.5,,,46.593833,0.314333,123,Poitiers,Vienne,86,Nouvelle-Aquitaine,75,6,2.500087253165825
07335,2025-06-02T03:00:00+00:00,240.0,1.8,95.0,11950.0,0,,100510.0,2.7,0.0,POITIERS-BIARD,10.600000000000023,,,46.593833,0.314333,123,Poitiers,Vienne,86,Nouvelle-Aquitaine,75,6,2.500087253165825
07335,2025-06-02T12:00:00+00:00,70.0,2.7,57.0,19660.0,0,1750.0,100600.0,5.8,-0.1,POITIERS-BIARD,20.200000000000045,,,46.593833,0.314333,123,Poitiers,Vienne,86,Nouvelle-Aquitaine,75,6,2.500087253165825
07335,2025-06-07T09:00:00+00:00,240.0,6.2,70.0,60000.0,0,800.0,100160.0,10.0,-0.1,POITIERS-BIARD,18.600000000000023,,,46.593833,0.314333,123,Poitiers,Vienne,86,Nouvelle-Aquitaine,75,6,2.500087253165825
07335,2025-06-04T15:00:00+00:00,260.0,6.5,53.0,60000.0,0,1250.0,99840.0,9.8,0.6,POITIERS-BIARD,19.600000000000023,,,46.593833,0.314333,123,Poitiers,Vienne,86,Nouvelle-Aquitaine,75,6,2.500087253165825
07335,2025-06-06T09:00:00+00:00,240.0,5.5,89.0,19390.0,0,450.0,100170.0,9.3,7.8,POITIERS-BIARD,16.700000000000045,,,46.593833,0.314333,123,Poitiers,Vienne,86,Nouvelle-Aquitaine,75,6,2.500087253165825
07335,2025-06-07T12:00:00+00:00,240.0,8.6,63.0,60000.0,0,1250.0,100150.0,12.8,-0.1,POITIERS-BIARD,19.700000000000045,,,46.593833,0.314333,123,Poitiers,Vienne,86,Nouvelle-Aquitaine,75,6,2.500087253165825
07335,2025-06-08T09:00:00+00:00,310.0,2.8,58.0,60000.0,0,800.0,100880.0,5.4,1.0,POITIERS-BIARD,17.0,,,46.593833,0.314333,123,Poitiers,Vienne,86,Nouvelle-Aquitaine,75,6,2.500087253165825
07335,2025-06-11T03:00:00+00:00,20.0,1.7,87.0,14480.0,0,,100340.0,2.1,0.0,POITIERS-BIARD,14.5,,,46.593833,0.314333,123,Poitiers,Vienne,86,Nouvelle-Aquitaine,75,6,2.500087253165825
07335,2025-06-01T06:00:00+00:00,250.0,3.1,98.0,2620.0,10,80.0,100440.0,4.9,0.0,POITIERS-BIARD,14.600000000000023,,,46.593833,0.314333,123,Poitiers,Vienne,86,Nouvelle-Aquitaine,75,6,2.500087253165825
07335,2025-06-01T18:00:00+00:00,260.0,6.0,59.0,57040.0,0,1250.0,100290.0,9.0,0.0,POITIERS-BIARD,21.80000000000001,,,46.593833,0.314333,123,Poitiers,Vienne,86,Nouvelle-Aquitaine,75,6,2.500087253165825
07335,2025-06-02T09:00:00+00:00,340.0,1.6,73.0,57940.0,0,800.0,100670.0,2.7,0.0,POITIERS-BIARD,14.600000000000023,,,46.593833,0.314333,123,Poitiers,Vienne,86,Nouvelle-Aquitaine,75,6,2.500087253165825
07335,2025-06-12T09:00:00+00:00,200.0,9.1,61.0,60000.0,0,3060.0,99870.0,13.6,1.6,POITIERS-BIARD,25.0,,,46.593833,0.314333,123,Poitiers,Vienne,86,Nouvelle-Aquitaine,75,6,2.500087253165825
07335,2025-06-04T00:00:00+00:00,180.0,2.3,93.0,60000.0,0,,99870.0,3.2,0.0,POITIERS-BIARD,10.900000000000034,,,46.593833,0.314333,123,Poitiers,Vienne,86,Nouvelle-Aquitaine,75,6,2.500087253165825
07335,2025-06-14T12:00:00+00:00,280.0,3.7,52.0,19870.0,0,2520.0,100610.0,6.9,0.0,POITIERS-BIARD,24.600000000000023,,,46.593833,0.314333,123,Poitiers,Vienne,86,Nouvelle-Aquitaine,75,6,2.500087253165825
07335,2025-06-05T18:00:00+00:00,200.0,9.1,95.0,5800.0,52,250.0,99800.0,14.4,1.0,POITIERS-BIARD,15.900000000000034,,,46.593833,0.314333,123,Poitiers,Vienne,86,Nouvelle-Aquitaine,75,6,2.500087253165825
07335,2025-06-11T15:00:00+00:00,80.0,5.1,27.0,19140.0,0,,99800.0,9.9,0.0,POITIERS-BIARD,33.0,,,46.593833,0.314333,123,Poitiers,Vienne,86,Nouvelle-Aquitaine,75,6,2.500087253165825
07335,2025-06-12T18:00:00+00:00,270.0,2.8,56.0,18930.0,0,,100090.0,4.0,1.6,POITIERS-BIARD,26.5,,,46.593833,0.314333,123,Poitiers,Vienne,86,Nouvelle-Aquitaine,75,6,2.500087253165825
07335,2025-06-01T09:00:00+00:00,250.0,2.6,92.0,19580.0,0,150.0,100480.0,3.8,0.0,POITIERS-BIARD,16.200000000000045,,,46.593833,0.314333,123,Poitiers,Vienne,86,Nouvelle-Aquitaine,75,6,2.500087253165825
07335,2025-06-01T12:00:00+00:00,220.0,3.0,74.0,19810.0,0,450.0,100440.0,5.0,0.0,POITIERS-BIARD,20.400000000000034,,,46.593833,0.314333,123,Poitiers,Vienne,86,Nouvelle-Aquitaine,75,6,2.500087253165825
07335,2025-05-31T12:00:00+00:00,220.0,7.5,66.0,15550.0,0,,100530.0,10.8,0.0,POITIERS-BIARD,24.80000000000001,,,46.593833,0.314333,123,Poitiers,Vienne,86,Nouvelle-Aquitaine,75,5,2.500087253165825
07335,2025-06-13T15:00:00+00:00,170.0,4.5,40.0,19540.0,0,,99980.0,7.7,0.0,POITIERS-BIARD,34.200000000000045,,,46.593833,0.314333,123,Poitiers,Vienne,86,Nouvelle-Aquitaine,75,6,2.500087253165825
07335,2025-06-05T21:00:00+00:00,210.0,7.4,95.0,14700.0,0,250.0,99880.0,11.5,1.8,POITIERS-BIARD,16.600000000000023,,,46.593833,0.314333,123,Poitiers,Vienne,86,Nouvelle-Aquitaine,75,6,2.500087253165825
07335,2025-06-10T00:00:00+00:00,0.0,0.0,82.0,19910.0,0,,100660.0,0.5,0.2,POITIERS-BIARD,13.100000000000023,,,46.593833,0.314333,123,Poitiers,Vienne,86,Nouvelle-Aquitaine,75,6,2.500087253165825
07335,2025-06-02T06:00:00+00:00,300.0,2.9,88.0,19750.0,0,800.0,100580.0,5.0,0.0,POITIERS-BIARD,12.800000000000011,,,46.593833,0.314333,123,Poitiers,Vienne,86,Nouvelle-Aquitaine,75,6,2.500087253165825
07335,2025-06-03T06:00:00+00:00,250.0,2.3,88.0,33720.0,0,2520.0,100110.0,3.5,-0.1,POITIERS-BIARD,12.700000000000045,,,46.593833,0.314333,123,Poitiers,Vienne,86,Nouvelle-Aquitaine,75,6,2.500087253165825
07335,2025-06-05T00:00:00+00:00,200.0,3.7,93.0,60000.0,0,2250.0,100030.0,5.1,0.6,POITIERS-BIARD,12.200000000000045,,,46.593833,0.314333,123,Poitiers,Vienne,86,Nouvelle-Aquitaine,75,6,2.500087253165825
07335,2025-06-10T06:00:00+00:00,300.0,0.7,88.0,14460.0,0,,100610.0,1.1,0.0,POITIERS-BIARD,13.5,,,46.593833,0.314333,123,Poitiers,Vienne,86,Nouvelle-Aquitaine,75,6,2.500087253165825
07335,2025-06-11T12:00:00+00:00,80.0,4.4,31.0,17320.0,0,,100080.0,8.0,0.0,POITIERS-BIARD,30.700000000000045,,,46.593833,0.314333,123,Poitiers,Vienne,86,Nouvelle-Aquitaine,75,6,2.500087253165825
07335,2025-06-12T12:00:00+00:00,230.0,7.3,59.0,60000.0,0,1250.0,99960.0,12.6,1.6,POITIERS-BIARD,27.5,,,46.593833,0.314333,123,Poitiers,Vienne,86,Nouvelle-Aquitaine,75,6,2.500087253165825
07335,2025-06-13T21:00:00+00:00,250.0,6.2,63.0,19830.0,0,,100070.0,10.3,0.0,POITIERS-BIARD,25.30000000000001,,,46.593833,0.314333,123,Poitiers,Vienne,86,Nouvelle-Aquitaine,75,6,2.500087253165825
07335,2025-06-11T00:00:00+00:00,320.0,1.1,81.0,16990.0,0,,100500.0,1.5,0.0,POITIERS-BIARD,16.5,,,46.593833,0.314333,123,Poitiers,Vienne,86,Nouvelle-Aquitaine,75,6,2.500087253165825
07335,2025-06-02T18:00:00+00:00,160.0,2.3,48.0,19830.0,0,1750.0,100330.0,3.7,-0.1,POITIERS-BIARD,21.400000000000034,,,46.593833,0.314333,123,Poitiers,Vienne,86,Nouvelle-Aquitaine,75,6,2.500087253165825
07335,2025-06-05T12:00:00+00:00,200.0,9.5,71.0,19910.0,0,800.0,99890.0,15.3,-0.1,POITIERS-BIARD,18.400000000000034,,,46.593833,0.314333,123,Poitiers,Vienne,86,Nouvelle-Aquitaine,75,6,2.500087253165825
07335,2025-06-10T12:00:00+00:00,190.0,2.0,36.0,17970.0,0,,100540.0,4.0,0.0,POITIERS-BIARD,27.700000000000045,,,46.593833,0.314333,123,Poitiers,Vienne,86,Nouvelle-Aquitaine,75,6,2.500087253165825
07335,2025-06-04T18:00:00+00:00,240.0,6.3,68.0,60000.0,0,1250.0,99930.0,9.2,0.6,POITIERS-BIARD,16.80000000000001,,,46.593833,0.314333,123,Poitiers,Vienne,86,Nouvelle-Aquitaine,75,6,2.500087253165825
07335,2025-06-10T21:00:00+00:00,340.0,1.6,60.0,19330.0,0,,100520.0,2.2,0.0,POITIERS-BIARD,21.600000000000023,,,46.593833,0.314333,123,Poitiers,Vienne,86,Nouvelle-Aquitaine,75,6,2.500087253165825
07335,2025-06-14T18:00:00+00:00,310.0,5.2,54.0,60000.0,0,1750.0,100630.0,8.5,0.0,POITIERS-BIARD,22.400000000000034,,,46.593833,0.314333,123,Poitiers,Vienne,86,Nouvelle-Aquitaine,75,6,2.500087253165825
07335,2025-05-31T21:00:00+00:00,220.0,3.8,92.0,18150.0,0,,100500.0,5.4,0.0,POITIERS-BIARD,17.30000000000001,,,46.593833,0.314333,123,Poitiers,Vienne,86,Nouvelle-Aquitaine,75,5,2.500087253165825
07335,2025-06-04T06:00:00+00:00,190.0,4.9,89.0,53770.0,0,800.0,99760.0,6.8,0.0,POITIERS-BIARD,13.600000000000023,,,46.593833,0.314333,123,Poitiers,Vienne,86,Nouvelle-Aquitaine,75,6,2.500087253165825
07335,2025-06-02T21:00:00+00:00,180.0,1.5,70.0,45240.0,0,1750.0,100290.0,2.4,-0.1,POITIERS-BIARD,15.900000000000034,,,46.593833,0.314333,123,Poitiers,Vienne,86,Nouvelle-Aquitaine,75,6,2.500087253165825
07335,2025-06-07T06:00:00+00:00,210.0,4.6,93.0,19490.0,0,1250.0,100120.0,7.0,-0.1,POITIERS-BIARD,14.300000000000011,,,46.593833,0.314333,123,Poitiers,Vienne,86,Nouvelle-Aquitaine,75,6,2.500087253165825
07335,2025-06-07T18:00:00+00:00,240.0,6.7,70.0,60000.0,0,1750.0,100150.0,10.5,-0.1,POITIERS-BIARD,17.80000000000001,,,46.593833,0.314333,123,Poitiers,Vienne,86,Nouvelle-Aquitaine,75,6,2.500087253165825
07335,2025-06-07T21:00:00+00:00,230.0,4.0,93.0,7950.0,52,450.0,100300.0,5.3,0.2,POITIERS-BIARD,14.700000000000045,,,46.593833,0.314333,123,Poitiers,Vienne,86,Nouvelle-Aquitaine,75,6,2.500087253165825
07335,2025-06-09T18:00:00+00:00,70.0,2.5,40.0,19130.0,0,,100680.0,4.5,0.2,POITIERS-BIARD,24.600000000000023,,,46.593833,0.314333,123,Poitiers,Vienne,86,Nouvelle-Aquitaine,75,6,2.500087253165825
07335,2025-06-11T06:00:00+00:00,70.0,2.0,73.0,18860.0,0,,100300.0,3.7,0.0,POITIERS-BIARD,18.0,,,46.593833,0.314333,123,Poitiers,Vienne,86,Nouvelle-Aquitaine,75,6,2.500087253165825
07335,2025-06-12T03:00:00+00:00,240.0,7.7,80.0,19740.0,0,800.0,99860.0,11.7,1.4,POITIERS-BIARD,20.0,,,46.593833,0.314333,123,Poitiers,Vienne,86,Nouvelle-Aquitaine,75,6,2.500087253165825
07335,2025-06-14T00:00:00+00:00,310.0,1.9,80.0,44560.0,0,2250.0,100240.0,5.2,0.0,POITIERS-BIARD,21.600000000000023,,,46.593833,0.314333,123,Poitiers,Vienne,86,Nouvelle-Aquitaine,75,6,2.500087253165825
07335,2025-05-31T15:00:00+00:00,220.0,5.6,61.0,11260.0,0,,100430.0,8.2,0.0,POITIERS-BIARD,26.5,,,46.593833,0.314333,123,Poitiers,Vienne,86,Nouvelle-Aquitaine,75,5,2.500087253165825
07335,2025-06-03T09:00:00+00:00,290.0,2.8,57.0,20000.0,0,2250.0,100090.0,5.7,-0.1,POITIERS-BIARD,18.200000000000045,,,46.593833,0.314333,123,Poitiers,Vienne,86,Nouvelle-Aquitaine,75,6,2.500087253165825
07335,2025-06-07T03:00:00+00:00,220.0,3.7,93.0,38040.0,0,1750.0,100100.0,5.6,4.8,POITIERS-BIARD,13.5,,,46.593833,0.314333,123,Poitiers,Vienne,86,Nouvelle-Aquitaine,75,6,2.500087253165825
07335,2025-06-09T03:00:00+00:00,320.0,1.2,93.0,53360.0,0,,100940.0,1.7,0.0,POITIERS-BIARD,9.900000000000034,,,46.593833,0.314333,123,Poitiers,Vienne,86,Nouvelle-Aquitaine,75,6,2.500087253165825
07335,2025-05-31T09:00:00+00:00,190.0,6.2,76.0,32110.0,0,3840.0,100490.0,9.4,0.0,POITIERS-BIARD,21.600000000000023,,,46.593833,0.314333,123,Poitiers,Vienne,86,Nouvelle-Aquitaine,75,5,2.500087253165825
07335,2025-06-01T00:00:00+00:00,220.0,3.7,96.0,10590.0,0,,100480.0,5.9,0.0,POITIERS-BIARD,15.5,,,46.593833,0.314333,123,Poitiers,Vienne,86,Nouvelle-Aquitaine,75,6,2.500087253165825
07335,2025-06-01T21:00:00+00:00,240.0,3.0,83.0,54730.0,0,5580.0,100430.0,4.3,0.0,POITIERS-BIARD,15.600000000000023,,,46.593833,0.314333,123,Poitiers,Vienne,86,Nouvelle-Aquitaine,75,6,2.500087253165825
07335,2025-06-04T03:00:00+00:00,220.0,2.8,97.0,19080.0,0,4140.0,99760.0,3.9,0.0,POITIERS-BIARD,10.0,,,46.593833,0.314333,123,Poitiers,Vienne,86,Nouvelle-Aquitaine,75,6,2.500087253165825
07335,2025-06-04T09:00:00+00:00,220.0,7.6,77.0,60000.0,0,450.0,99710.0,10.6,-0.1,POITIERS-BIARD,17.700000000000045,,,46.593833,0.314333,123,Poitiers,Vienne,86,Nouvelle-Aquitaine,75,6,2.500087253165825
07335,2025-06-09T12:00:00+00:00,110.0,1.7,39.0,55860.0,0,,100910.0,3.6,0.2,POITIERS-BIARD,24.30000000000001,,,46.593833,0.314333,123,Poitiers,Vienne,86,Nouvelle-Aquitaine,75,6,2.500087253165825
07335,2025-06-09T15:00:00+00:00,70.0,3.0,37.0,19500.0,0,,100760.0,6.7,0.2,POITIERS-BIARD,26.0,,,46.593833,0.314333,123,Poitiers,Vienne,86,Nouvelle-Aquitaine,75,6,2.500087253165825
07335,2025-06-11T18:00:00+00:00,60.0,2.5,38.0,20000.0,0,4860.0,99750.0,4.3,0.0,POITIERS-BIARD,29.80000000000001,,,46.593833,0.314333,123,Poitiers,Vienne,86,Nouvelle-Aquitaine,75,6,2.500087253165825
07335,2025-06-13T12:00:00+00:00,90.0,3.6,47.0,19830.0,0,7560.0,100130.0,7.3,0.0,POITIERS-BIARD,31.600000000000023,,,46.593833,0.314333,123,Poitiers,Vienne,86,Nouvelle-Aquitaine,75,6,2.500087253165825
07335,2025-06-04T21:00:00+00:00,220.0,3.7,90.0,60000.0,0,1750.0,100050.0,5.0,0.6,POITIERS-BIARD,12.5,,,46.593833,0.314333,123,Poitiers,Vienne,86,Nouvelle-Aquitaine,75,6,2.500087253165825
07335,2025-06-08T06:00:00+00:00,300.0,3.8,89.0,19110.0,0,,100690.0,6.2,1.0,POITIERS-BIARD,13.900000000000034,,,46.593833,0.314333,123,Poitiers,Vienne,86,Nouvelle-Aquitaine,75,6,2.500087253165825
07335,2025-05-31T06:00:00+00:00,180.0,3.3,74.0,47960.0,0,1750.0,100380.0,5.0,0.0,POITIERS-BIARD,21.0,,,46.593833,0.314333,123,Poitiers,Vienne,86,Nouvelle-Aquitaine,75,5,2.500087253165825
07335,2025-06-09T06:00:00+00:00,360.0,0.8,90.0,19850.0,0,,100960.0,1.1,0.2,POITIERS-BIARD,11.900000000000034,,,46.593833,0.314333,123,Poitiers,Vienne,86,Nouvelle-Aquitaine,75,6,2.500087253165825
07335,2025-06-09T09:00:00+00:00,100.0,2.5,54.0,60000.0,0,,100970.0,4.8,0.2,POITIERS-BIARD,20.30000000000001,,,46.593833,0.314333,123,Poitiers,Vienne,86,Nouvelle-Aquitaine,75,6,2.500087253165825
07335,2025-06-11T09:00:00+00:00,70.0,3.4,48.0,18940.0,0,,100200.0,6.2,0.0,POITIERS-BIARD,25.80000000000001,,,46.593833,0.314333,123,Poitiers,Vienne,86,Nouvelle-Aquitaine,75,6,2.500087253165825
07335,2025-06-12T15:00:00+00:00,230.0,3.7,58.0,18860.0,0,1250.0,100030.0,6.4,1.6,POITIERS-BIARD,26.80000000000001,,,46.593833,0.314333,123,Poitiers,Vienne,86,Nouvelle-Aquitaine,75,6,2.500087253165825
07335,2025-06-13T00:00:00+00:00,340.0,2.5,80.0,57460.0,0,,100300.0,3.4,1.6,POITIERS-BIARD,18.30000000000001,,,46.593833,0.314333,123,Poitiers,Vienne,86,Nouvelle-Aquitaine,75,6,2.500087253165825
07335,2025-06-03T18:00:00+00:00,230.0,5.9,56.0,60000.0,0,2250.0,99890.0,8.0,0.0,POITIERS-BIARD,19.100000000000023,,,46.593833,0.314333,123,Poitiers,Vienne,86,Nouvelle-Aquitaine,75,6,2.500087253165825
07335,2025-06-08T03:00:00+00:00,250.0,3.6,94.0,19380.0,0,1750.0,100470.0,5.6,1.0,POITIERS-BIARD,13.5,,,46.593833,0.314333,123,Poitiers,Vienne,86,Nouvelle-Aquitaine,75,6,2.500087253165825
07335,2025-06-13T06:00:00+00:00,30.0,3.1,76.0,50890.0,0,,100370.0,5.1,-0.1,POITIERS-BIARD,19.100000000000023,,,46.593833,0.314333,123,Poitiers,Vienne,86,Nouvelle-Aquitaine,75,6,2.500087253165825
07335,2025-06-05T15:00:00+00:00,210.0,10.5,92.0,11140.0,52,450.0,99880.0,15.6,0.4,POITIERS-BIARD,16.30000000000001,,,46.593833,0.314333,123,Poitiers,Vienne,86,Nouvelle-Aquitaine,75,6,2.500087253165825
07335,2025-06-07T15:00:00+00:00,220.0,7.3,69.0,60000.0,0,2250.0,100150.0,11.1,-0.1,POITIERS-BIARD,19.80000000000001,,,46.593833,0.314333,123,Poitiers,Vienne,86,Nouvelle-Aquitaine,75,6,2.500087253165825
07335,2025-06-08T12:00:00+00:00,300.0,3.0,48.0,60000.0,0,1250.0,100920.0,6.2,1.0,POITIERS-BIARD,20.30000000000001,,,46.593833,0.314333,123,Poitiers,Vienne,86,Nouvelle-Aquitaine,75,6,2.500087253165825
07335,2025-06-12T00:00:00+00:00,40.0,1.1,61.0,40200.0,0,4020.0,99620.0,2.5,-0.1,POITIERS-BIARD,23.100000000000023,,,46.593833,0.314333,123,Poitiers,Vienne,86,Nouvelle-Aquitaine,75,6,2.500087253165825
07335,2025-06-14T15:00:00+00:00,310.0,4.0,44.0,19950.0,0,2250.0,100590.0,7.1,0.0,POITIERS-BIARD,26.5,,,46.593833,0.314333,123,Poitiers,Vienne,86,Nouvelle-Aquitaine,75,6,2.500087253165825
07335,2025-06-02T15:00:00+00:00,280.0,1.8,40.0,18220.0,0,1750.0,100420.0,4.0,-0.1,POITIERS-BIARD,23.200000000000045,,,46.593833,0.314333,123,Poitiers,Vienne,86,Nouvelle-Aquitaine,75,6,2.500087253165825
07335,2025-06-03T21:00:00+00:00,240.0,3.2,78.0,60000.0,0,1750.0,99980.0,5.5,0.0,POITIERS-BIARD,14.600000000000023,,,46.593833,0.314333,123,Poitiers,Vienne,86,Nouvelle-Aquitaine,75,6,2.500087253165825
07335,2025-06-13T18:00:00+00:00,220.0,6.3,39.0,18660.0,0,3660.0,99930.0,9.5,0.0,POITIERS-BIARD,31.80000000000001,,,46.593833,0.314333,123,Poitiers,Vienne,86,Nouvelle-Aquitaine,75,6,2.500087253165825
07335,2025-05-31T03:00:00+00:00,190.0,3.3,83.0,58740.0,0,3720.0,100340.0,4.3,0.0,POITIERS-BIARD,19.80000000000001,,,46.593833,0.314333,123,Poitiers,Vienne,86,Nouvelle-Aquitaine,75,5,2.500087253165825
07335,2025-06-05T09:00:00+00:00,210.0,8.1,78.0,42130.0,0,800.0,99960.0,12.8,0.6,POITIERS-BIARD,16.700000000000045,,,46.593833,0.314333,123,Poitiers,Vienne,86,Nouvelle-Aquitaine,75,6,2.500087253165825
07335,2025-06-09T00:00:00+00:00,310.0,2.8,88.0,59650.0,0,,100980.0,4.0,0.4,POITIERS-BIARD,11.600000000000023,,,46.593833,0.314333,123,Poitiers,Vienne,86,Nouvelle-Aquitaine,75,6,2.500087253165825
07335,2025-06-03T12:00:00+00:00,230.0,5.1,54.0,19630.0,0,1750.0,100050.0,8.9,0.0,POITIERS-BIARD,21.30000000000001,,,46.593833,0.314333,123,Poitiers,Vienne,86,Nouvelle-Aquitaine,75,6,2.500087253165825
07335,2025-06-06T12:00:00+00:00,240.0,5.7,80.0,18540.0,0,450.0,100220.0,9.3,7.8,POITIERS-BIARD,17.900000000000034,,,46.593833,0.314333,123,Poitiers,Vienne,86,Nouvelle-Aquitaine,75,6,2.500087253165825
07335,2025-06-06T18:00:00+00:00,240.0,5.4,63.0,60000.0,0,1250.0,100120.0,8.5,6.8,POITIERS-BIARD,19.80000000000001,,,46.593833,0.314333,123,Poitiers,Vienne,86,Nouvelle-Aquitaine,75,6,2.500087253165825
07335,2025-06-06T21:00:00+00:00,240.0,3.6,85.0,60000.0,0,6540.0,100180.0,5.5,6.0,POITIERS-BIARD,14.100000000000023,,,46.593833,0.314333,123,Poitiers,Vienne,86,Nouvelle-Aquitaine,75,6,2.500087253165825
07335,2025-06-10T15:00:00+00:00,240.0,4.0,36.0,16370.0,0,,100480.0,6.3,0.0,POITIERS-BIARD,29.200000000000045,,,46.593833,0.314333,123,Poitiers,Vienne,86,Nouvelle-Aquitaine,75,6,2.500087253165825
07335,2025-06-18T15:00:00+00:00,50.0,5.0,32.0,60000.0,0,,100760.0,8.2,0.0,POITIERS-BIARD,30.700000000000045,,,46.593833,0.314333,123,Poitiers,Vienne,86,Nouvelle-Aquitaine,75,6,2.500087253165825
07335,2025-06-28T00:00:00+00:00,330.0,3.2,77.0,60000.0,0,,101160.0,5.0,0.2,POITIERS-BIARD,20.80000000000001,,,46.593833,0.314333,123,Poitiers,Vienne,86,Nouvelle-Aquitaine,75,6,2.500087253165825
07335,2025-06-29T00:00:00+00:00,330.0,2.3,64.0,60000.0,0,,101050.0,3.6,0.0,POITIERS-BIARD,23.200000000000045,,,46.593833,0.314333,123,Poitiers,Vienne,86,Nouvelle-Aquitaine,75,6,2.500087253165825
07335,2025-06-29T03:00:00+00:00,350.0,2.0,79.0,60000.0,0,,100970.0,2.7,0.0,POITIERS-BIARD,19.900000000000034,,,46.593833,0.314333,123,Poitiers,Vienne,86,Nouvelle-Aquitaine,75,6,2.500087253165825
07335,2025-06-15T00:00:00+00:00,320.0,4.4,68.0,60000.0,0,1750.0,100840.0,6.3,0.0,POITIERS-BIARD,17.600000000000023,,,46.593833,0.314333,123,Poitiers,Vienne,86,Nouvelle-Aquitaine,75,6,2.500087253165825
07335,2025-06-21T09:00:00+00:00,120.0,3.5,43.0,19700.0,0,,100400.0,5.6,0.0,POITIERS-BIARD,31.100000000000023,,,46.593833,0.314333,123,Poitiers,Vienne,86,Nouvelle-Aquitaine,75,6,2.500087253165825
07335,2025-06-24T18:00:00+00:00,270.0,1.5,33.0,60000.0,0,,100040.0,2.6,0.0,POITIERS-BIARD,31.900000000000034,,,46.593833,0.314333,123,Poitiers,Vienne,86,Nouvelle-Aquitaine,75,6,2.500087253165825
07335,2025-06-25T06:00:00+00:00,110.0,3.4,73.0,60000.0,0,30.0,99860.0,7.1,0.4,POITIERS-BIARD,21.700000000000045,,,46.593833,0.314333,123,Poitiers,Vienne,86,Nouvelle-Aquitaine,75,6,2.500087253165825
07335,2025-06-28T09:00:00+00:00,60.0,2.2,59.0,60000.0,0,,101250.0,4.5,0.0,POITIERS-BIARD,26.200000000000045,,,46.593833,0.314333,123,Poitiers,Vienne,86,Nouvelle-Aquitaine,75,6,2.500087253165825
07335,2025-06-29T21:00:00+00:00,40.0,3.4,51.0,60000.0,0,,100520.0,5.0,0.0,POITIERS-BIARD,28.30000000000001,,,46.593833,0.314333,123,Poitiers,Vienne,86,Nouvelle-Aquitaine,75,6,2.500087253165825
07335,2025-06-20T12:00:00+00:00,100.0,2.8,35.0,60000.0,0,,100540.0,6.8,0.0,POITIERS-BIARD,33.10000000000002,,,46.593833,0.314333,123,Poitiers,Vienne,86,Nouvelle-Aquitaine,75,6,2.500087253165825
07335,2025-06-21T18:00:00+00:00,160.0,3.1,24.0,60000.0,0,,100100.0,5.6,0.0,POITIERS-BIARD,36.0,,,46.593833,0.314333,123,Poitiers,Vienne,86,Nouvelle-Aquitaine,75,6,2.500087253165825
07335,2025-06-22T06:00:00+00:00,220.0,4.8,83.0,19400.0,0,450.0,100470.0,6.4,0.0,POITIERS-BIARD,19.700000000000045,,,46.593833,0.314333,123,Poitiers,Vienne,86,Nouvelle-Aquitaine,75,6,2.500087253165825
07335,2025-06-16T06:00:00+00:00,10.0,2.4,76.0,60000.0,0,,101390.0,3.8,-0.1,POITIERS-BIARD,15.0,,,46.593833,0.314333,123,Poitiers,Vienne,86,Nouvelle-Aquitaine,75,6,2.500087253165825
07335,2025-06-15T06:00:00+00:00,340.0,2.4,79.0,60000.0,0,1750.0,100930.0,4.3,0.0,POITIERS-BIARD,15.900000000000034,,,46.593833,0.314333,123,Poitiers,Vienne,86,Nouvelle-Aquitaine,75,6,2.500087253165825
07335,2025-06-17T00:00:00+00:00,20.0,2.0,64.0,60000.0,0,,101120.0,2.7,0.0,POITIERS-BIARD,16.0,,,46.593833,0.314333,123,Poitiers,Vienne,86,Nouvelle-Aquitaine,75,6,2.500087253165825
07335,2025-06-19T15:00:00+00:00,50.0,3.6,31.0,60000.0,0,,100540.0,8.8,0.0,POITIERS-BIARD,32.900000000000034,,,46.593833,0.314333,123,Poitiers,Vienne,86,Nouvelle-Aquitaine,75,6,2.500087253165825
07335,2025-06-23T06:00:00+00:00,230.0,2.5,89.0,54150.0,0,450.0,100610.0,4.1,0.0,POITIERS-BIARD,17.100000000000023,,,46.593833,0.314333,123,Poitiers,Vienne,86,Nouvelle-Aquitaine,75,6,2.500087253165825
07335,2025-06-26T06:00:00+00:00,230.0,6.3,86.0,19900.0,0,450.0,100360.0,9.4,-0.1,POITIERS-BIARD,19.200000000000045,,,46.593833,0.314333,123,Poitiers,Vienne,86,Nouvelle-Aquitaine,75,6,2.500087253165825
07335,2025-06-26T15:00:00+00:00,270.0,5.6,49.0,60000.0,0,1750.0,100720.0,8.8,-0.1,POITIERS-BIARD,26.400000000000034,,,46.593833,0.314333,123,Poitiers,Vienne,86,Nouvelle-Aquitaine,75,6,2.500087253165825
07335,2025-06-28T15:00:00+00:00,330.0,2.9,34.0,19750.0,0,,101050.0,7.0,0.0,POITIERS-BIARD,33.200000000000045,,,46.593833,0.314333,123,Poitiers,Vienne,86,Nouvelle-Aquitaine,75,6,2.500087253165825
07335,2025-06-28T21:00:00+00:00,350.0,3.2,51.0,60000.0,0,,101050.0,4.4,0.0,POITIERS-BIARD,26.900000000000034,,,46.593833,0.314333,123,Poitiers,Vienne,86,Nouvelle-Aquitaine,75,6,2.500087253165825
07335,2025-06-17T21:00:00+00:00,10.0,1.8,51.0,60000.0,0,,100930.0,2.4,0.0,POITIERS-BIARD,23.100000000000023,,,46.593833,0.314333,123,Poitiers,Vienne,86,Nouvelle-Aquitaine,75,6,2.500087253165825
07335,2025-06-22T15:00:00+00:00,260.0,5.2,39.0,19900.0,0,,100410.0,9.3,0.0,POITIERS-BIARD,29.400000000000034,,,46.593833,0.314333,123,Poitiers,Vienne,86,Nouvelle-Aquitaine,75,6,2.500087253165825
07335,2025-06-24T21:00:00+00:00,200.0,0.7,63.0,60000.0,0,,100050.0,1.2,0.0,POITIERS-BIARD,24.100000000000023,,,46.593833,0.314333,123,Poitiers,Vienne,86,Nouvelle-Aquitaine,75,6,2.500087253165825
07335,2025-06-26T18:00:00+00:00,260.0,4.8,53.0,60000.0,0,1250.0,100730.0,7.3,-0.1,POITIERS-BIARD,25.80000000000001,,,46.593833,0.314333,123,Poitiers,Vienne,86,Nouvelle-Aquitaine,75,6,2.500087253165825
07335,2025-06-28T06:00:00+00:00,340.0,3.5,85.0,60000.0,0,,101220.0,5.1,0.0,POITIERS-BIARD,19.30000000000001,,,46.593833,0.314333,123,Poitiers,Vienne,86,Nouvelle-Aquitaine,75,6,2.500087253165825
07335,2025-06-24T03:00:00+00:00,310.0,1.2,91.0,60000.0,0,,100470.0,1.9,0.0,POITIERS-BIARD,15.200000000000045,,,46.593833,0.314333,123,Poitiers,Vienne,86,Nouvelle-Aquitaine,75,6,2.500087253165825
07335,2025-06-27T15:00:00+00:00,270.0,3.0,44.0,19970.0,0,,101050.0,5.7,0.2,POITIERS-BIARD,29.0,,,46.593833,0.314333,123,Poitiers,Vienne,86,Nouvelle-Aquitaine,75,6,2.500087253165825
07335,2025-06-15T03:00:00+00:00,320.0,4.7,76.0,60000.0,0,1750.0,100800.0,8.0,0.0,POITIERS-BIARD,16.200000000000045,,,46.593833,0.314333,123,Poitiers,Vienne,86,Nouvelle-Aquitaine,75,6,2.500087253165825
07335,2025-06-15T18:00:00+00:00,310.0,2.9,44.0,60000.0,0,2250.0,101110.0,4.8,-0.1,POITIERS-BIARD,22.30000000000001,,,46.593833,0.314333,123,Poitiers,Vienne,86,Nouvelle-Aquitaine,75,6,2.500087253165825
07335,2025-06-16T03:00:00+00:00,320.0,2.7,84.0,60000.0,0,,101320.0,3.7,-0.1,POITIERS-BIARD,11.800000000000011,,,46.593833,0.314333,123,Poitiers,Vienne,86,Nouvelle-Aquitaine,75,6,2.500087253165825
07335,2025-06-16T21:00:00+00:00,40.0,2.8,51.0,60000.0,0,,101120.0,4.3,0.0,POITIERS-BIARD,20.0,,,46.593833,0.314333,123,Poitiers,Vienne,86,Nouvelle-Aquitaine,75,6,2.500087253165825
07335,2025-06-18T18:00:00+00:00,40.0,5.1,35.0,60000.0,0,,100700.0,8.3,0.0,POITIERS-BIARD,29.600000000000023,,,46.593833,0.314333,123,Poitiers,Vienne,86,Nouvelle-Aquitaine,75,6,2.500087253165825
07335,2025-06-19T03:00:00+00:00,40.0,2.7,66.0,60000.0,0,,100710.0,3.8,0.0,POITIERS-BIARD,17.900000000000034,,,46.593833,0.314333,123,Poitiers,Vienne,86,Nouvelle-Aquitaine,75,6,2.500087253165825
07335,2025-06-26T09:00:00+00:00,250.0,6.6,68.0,60000.0,0,800.0,100530.0,10.4,-0.1,POITIERS-BIARD,22.600000000000023,,,46.593833,0.314333,123,Poitiers,Vienne,86,Nouvelle-Aquitaine,75,6,2.500087253165825
07335,2025-06-27T03:00:00+00:00,230.0,2.1,97.0,7660.0,0,,101000.0,2.7,0.0,POITIERS-BIARD,15.300000000000011,,,46.593833,0.314333,123,Poitiers,Vienne,86,Nouvelle-Aquitaine,75,6,2.500087253165825
07335,2025-06-15T12:00:00+00:00,310.0,4.1,46.0,60000.0,0,1250.0,101140.0,6.7,-0.1,POITIERS-BIARD,22.600000000000023,,,46.593833,0.314333,123,Poitiers,Vienne,86,Nouvelle-Aquitaine,75,6,2.500087253165825
07335,2025-06-17T15:00:00+00:00,30.0,4.6,31.0,60000.0,0,,100910.0,9.3,0.0,POITIERS-BIARD,29.200000000000045,,,46.593833,0.314333,123,Poitiers,Vienne,86,Nouvelle-Aquitaine,75,6,2.500087253165825
07335,2025-06-22T03:00:00+00:00,250.0,5.3,87.0,19000.0,0,450.0,100420.0,8.4,0.0,POITIERS-BIARD,19.200000000000045,,,46.593833,0.314333,123,Poitiers,Vienne,86,Nouvelle-Aquitaine,75,6,2.500087253165825
07335,2025-06-25T09:00:00+00:00,260.0,2.0,49.0,60000.0,0,2880.0,99990.0,4.0,0.4,POITIERS-BIARD,28.5,,,46.593833,0.314333,123,Poitiers,Vienne,86,Nouvelle-Aquitaine,75,6,2.500087253165825
07335,2025-06-27T18:00:00+00:00,280.0,2.7,44.0,60000.0,0,,101020.0,4.4,0.2,POITIERS-BIARD,29.5,,,46.593833,0.314333,123,Poitiers,Vienne,86,Nouvelle-Aquitaine,75,6,2.500087253165825
07335,2025-06-29T12:00:00+00:00,50.0,2.2,42.0,60000.0,0,,100810.0,5.6,0.0,POITIERS-BIARD,33.0,,,46.593833,0.314333,123,Poitiers,Vienne,86,Nouvelle-Aquitaine,75,6,2.500087253165825
07335,2025-06-16T12:00:00+00:00,60.0,3.1,44.0,60000.0,0,1750.0,101280.0,6.5,0.0,POITIERS-BIARD,25.30000000000001,,,46.593833,0.314333,123,Poitiers,Vienne,86,Nouvelle-Aquitaine,75,6,2.500087253165825
07335,2025-06-20T06:00:00+00:00,10.0,2.7,67.0,54100.0,0,30.0,100600.0,3.5,0.0,POITIERS-BIARD,22.400000000000034,,,46.593833,0.314333,123,Poitiers,Vienne,86,Nouvelle-Aquitaine,75,6,2.500087253165825
07335,2025-06-21T12:00:00+00:00,200.0,3.1,29.0,19530.0,0,5760.0,100320.0,6.4,0.0,POITIERS-BIARD,35.10000000000002,,,46.593833,0.314333,123,Poitiers,Vienne,86,Nouvelle-Aquitaine,75,6,2.500087253165825
07335,2025-06-21T03:00:00+00:00,20.0,1.1,75.0,54980.0,0,,100330.0,1.6,0.0,POITIERS-BIARD,19.5,,,46.593833,0.314333,123,Poitiers,Vienne,86,Nouvelle-Aquitaine,75,6,2.500087253165825
07335,2025-06-29T15:00:00+00:00,70.0,3.3,35.0,60000.0,0,2250.0,100620.0,6.0,0.0,POITIERS-BIARD,34.60000000000002,,,46.593833,0.314333,123,Poitiers,Vienne,86,Nouvelle-Aquitaine,75,6,2.500087253165825
07335,2025-06-23T21:00:00+00:00,270.0,1.8,68.0,60000.0,0,,100570.0,2.9,0.0,POITIERS-BIARD,21.100000000000023,,,46.593833,0.314333,123,Poitiers,Vienne,86,Nouvelle-Aquitaine,75,6,2.500087253165825
07335,2025-06-15T15:00:00+00:00,10.0,2.0,37.0,60000.0,0,2250.0,101070.0,4.4,-0.1,POITIERS-BIARD,23.200000000000045,,,46.593833,0.314333,123,Poitiers,Vienne,86,Nouvelle-Aquitaine,75,6,2.500087253165825
07335,2025-06-19T09:00:00+00:00,60.0,4.6,47.0,60000.0,0,,100700.0,8.2,0.0,POITIERS-BIARD,27.700000000000045,,,46.593833,0.314333,123,Poitiers,Vienne,86,Nouvelle-Aquitaine,75,6,2.500087253165825
07335,2025-06-23T09:00:00+00:00,270.0,4.6,61.0,60000.0,0,800.0,100660.0,7.0,0.0,POITIERS-BIARD,21.100000000000023,,,46.593833,0.314333,123,Poitiers,Vienne,86,Nouvelle-Aquitaine,75,6,2.500087253165825
07335,2025-06-23T15:00:00+00:00,260.0,4.8,40.0,60000.0,0,,100510.0,9.2,0.0,POITIERS-BIARD,28.0,,,46.593833,0.314333,123,Poitiers,Vienne,86,Nouvelle-Aquitaine,75,6,2.500087253165825
07335,2025-06-25T21:00:00+00:00,240.0,3.9,73.0,60000.0,0,1750.0,100010.0,6.2,0.4,POITIERS-BIARD,22.900000000000034,,,46.593833,0.314333,123,Poitiers,Vienne,86,Nouvelle-Aquitaine,75,6,2.500087253165825
07335,2025-06-29T06:00:00+00:00,20.0,3.6,78.0,60000.0,0,,100970.0,5.0,0.0,POITIERS-BIARD,21.80000000000001,,,46.593833,0.314333,123,Poitiers,Vienne,86,Nouvelle-Aquitaine,75,6,2.500087253165825
07335,2025-06-16T18:00:00+00:00,70.0,3.8,34.0,60000.0,0,,101050.0,7.1,0.0,POITIERS-BIARD,25.600000000000023,,,46.593833,0.314333,123,Poitiers,Vienne,86,Nouvelle-Aquitaine,75,6,2.500087253165825
07335,2025-06-15T09:00:00+00:00,330.0,3.5,65.0,60000.0,0,30.0,101130.0,5.9,-0.1,POITIERS-BIARD,19.100000000000023,,,46.593833,0.314333,123,Poitiers,Vienne,86,Nouvelle-Aquitaine,75,6,2.500087253165825
07335,2025-06-17T18:00:00+00:00,20.0,4.9,34.0,60000.0,0,,100830.0,7.6,0.0,POITIERS-BIARD,28.30000000000001,,,46.593833,0.314333,123,Poitiers,Vienne,86,Nouvelle-Aquitaine,75,6,2.500087253165825
07335,2025-06-19T00:00:00+00:00,40.0,3.2,61.0,60000.0,0,,100770.0,4.9,0.0,POITIERS-BIARD,20.600000000000023,,,46.593833,0.314333,123,Poitiers,Vienne,86,Nouvelle-Aquitaine,75,6,2.500087253165825
07335,2025-06-20T21:00:00+00:00,50.0,2.2,47.0,55190.0,0,,100480.0,3.2,0.0,POITIERS-BIARD,27.600000000000023,,,46.593833,0.314333,123,Poitiers,Vienne,86,Nouvelle-Aquitaine,75,6,2.500087253165825
07335,2025-06-26T12:00:00+00:00,240.0,6.2,52.0,60000.0,0,1250.0,100680.0,9.8,-0.1,POITIERS-BIARD,25.200000000000045,,,46.593833,0.314333,123,Poitiers,Vienne,86,Nouvelle-Aquitaine,75,6,2.500087253165825
07335,2025-06-23T03:00:00+00:00,270.0,2.3,89.0,60000.0,0,,100500.0,3.6,0.0,POITIERS-BIARD,15.400000000000034,,,46.593833,0.314333,123,Poitiers,Vienne,86,Nouvelle-Aquitaine,75,6,2.500087253165825
07335,2025-06-27T00:00:00+00:00,250.0,2.7,91.0,60000.0,0,,100960.0,3.4,-0.1,POITIERS-BIARD,17.0,,,46.593833,0.314333,123,Poitiers,Vienne,86,Nouvelle-Aquitaine,75,6,2.500087253165825
07335,2025-06-27T06:00:00+00:00,250.0,1.9,99.0,11810.0,0,80.0,101140.0,2.8,0.2,POITIERS-BIARD,17.100000000000023,,,46.593833,0.314333,123,Poitiers,Vienne,86,Nouvelle-Aquitaine,75,6,2.500087253165825
07335,2025-06-17T12:00:00+00:00,40.0,3.6,39.0,60000.0,0,6600.0,100990.0,7.0,0.0,POITIERS-BIARD,27.700000000000045,,,46.593833,0.314333,123,Poitiers,Vienne,86,Nouvelle-Aquitaine,75,6,2.500087253165825
07335,2025-06-18T06:00:00+00:00,360.0,1.8,74.0,19850.0,0,,100970.0,2.7,0.0,POITIERS-BIARD,18.0,,,46.593833,0.314333,123,Poitiers,Vienne,86,Nouvelle-Aquitaine,75,6,2.500087253165825
07335,2025-06-20T03:00:00+00:00,50.0,2.5,70.0,60000.0,0,,100540.0,3.7,0.0,POITIERS-BIARD,20.600000000000023,,,46.593833,0.314333,123,Poitiers,Vienne,86,Nouvelle-Aquitaine,75,6,2.500087253165825
07335,2025-06-25T00:00:00+00:00,300.0,2.1,71.0,60000.0,0,5400.0,100050.0,3.0,0.0,POITIERS-BIARD,20.900000000000034,,,46.593833,0.314333,123,Poitiers,Vienne,86,Nouvelle-Aquitaine,75,6,2.500087253165825
07335,2025-06-25T18:00:00+00:00,230.0,5.8,61.0,58650.0,0,1750.0,99720.0,8.2,0.4,POITIERS-BIARD,26.900000000000034,,,46.593833,0.314333,123,Poitiers,Vienne,86,Nouvelle-Aquitaine,75,6,2.500087253165825
07335,2025-06-16T00:00:00+00:00,340.0,2.3,72.0,60000.0,0,,101320.0,3.2,-0.1,POITIERS-BIARD,14.400000000000034,,,46.593833,0.314333,123,Poitiers,Vienne,86,Nouvelle-Aquitaine,75,6,2.500087253165825
07335,2025-06-18T12:00:00+00:00,30.0,6.3,35.0,60000.0,0,,100890.0,11.1,0.0,POITIERS-BIARD,29.900000000000034,,,46.593833,0.314333,123,Poitiers,Vienne,86,Nouvelle-Aquitaine,75,6,2.500087253165825
07335,2025-06-20T00:00:00+00:00,30.0,1.8,57.0,60000.0,0,,100610.0,2.6,0.0,POITIERS-BIARD,23.0,,,46.593833,0.314333,123,Poitiers,Vienne,86,Nouvelle-Aquitaine,75,6,2.500087253165825
07335,2025-06-20T15:00:00+00:00,10.0,3.0,29.0,60000.0,0,,100440.0,6.0,0.0,POITIERS-BIARD,34.400000000000034,,,46.593833,0.314333,123,Poitiers,Vienne,86,Nouvelle-Aquitaine,75,6,2.500087253165825
07335,2025-06-21T21:00:00+00:00,240.0,3.8,71.0,48730.0,0,,100300.0,5.9,0.0,POITIERS-BIARD,25.700000000000045,,,46.593833,0.314333,123,Poitiers,Vienne,86,Nouvelle-Aquitaine,75,6,2.500087253165825
07335,2025-06-24T00:00:00+00:00,280.0,2.0,83.0,60000.0,0,,100570.0,3.1,0.0,POITIERS-BIARD,17.400000000000034,,,46.593833,0.314333,123,Poitiers,Vienne,86,Nouvelle-Aquitaine,75,6,2.500087253165825
07335,2025-06-25T12:00:00+00:00,80.0,3.1,35.0,60000.0,0,5340.0,99760.0,6.3,0.4,POITIERS-BIARD,33.5,,,46.593833,0.314333,123,Poitiers,Vienne,86,Nouvelle-Aquitaine,75,6,2.500087253165825
07335,2025-06-29T18:00:00+00:00,40.0,4.5,36.0,60000.0,0,2250.0,100480.0,7.4,0.0,POITIERS-BIARD,33.700000000000045,,,46.593833,0.314333,123,Poitiers,Vienne,86,Nouvelle-Aquitaine,75,6,2.500087253165825
07335,2025-06-18T09:00:00+00:00,80.0,3.4,44.0,60000.0,0,,100970.0,8.8,0.0,POITIERS-BIARD,26.700000000000045,,,46.593833,0.314333,123,Poitiers,Vienne,86,Nouvelle-Aquitaine,75,6,2.500087253165825
07335,2025-06-20T18:00:00+00:00,50.0,3.6,32.0,60000.0,0,,100360.0,5.8,0.0,POITIERS-BIARD,33.5,,,46.593833,0.314333,123,Poitiers,Vienne,86,Nouvelle-Aquitaine,75,6,2.500087253165825
07335,2025-06-23T18:00:00+00:00,270.0,5.3,49.0,60000.0,0,,100440.0,7.6,0.0,POITIERS-BIARD,26.700000000000045,,,46.593833,0.314333,123,Poitiers,Vienne,86,Nouvelle-Aquitaine,75,6,2.500087253165825
07335,2025-06-27T09:00:00+00:00,250.0,2.3,63.0,60000.0,0,800.0,101160.0,4.8,0.2,POITIERS-BIARD,22.80000000000001,,,46.593833,0.314333,123,Poitiers,Vienne,86,Nouvelle-Aquitaine,75,6,2.500087253165825
07335,2025-06-15T21:00:00+00:00,320.0,1.1,64.0,60000.0,0,,101260.0,1.6,-0.1,POITIERS-BIARD,17.80000000000001,,,46.593833,0.314333,123,Poitiers,Vienne,86,Nouvelle-Aquitaine,75,6,2.500087253165825
07335,2025-06-16T15:00:00+00:00,50.0,3.4,37.0,60000.0,0,,101130.0,7.3,0.0,POITIERS-BIARD,26.600000000000023,,,46.593833,0.314333,123,Poitiers,Vienne,86,Nouvelle-Aquitaine,75,6,2.500087253165825
07335,2025-06-24T06:00:00+00:00,310.0,2.3,86.0,60000.0,0,,100510.0,3.4,0.0,POITIERS-BIARD,16.700000000000045,,,46.593833,0.314333,123,Poitiers,Vienne,86,Nouvelle-Aquitaine,75,6,2.500087253165825
07335,2025-06-25T03:00:00+00:00,310.0,4.6,73.0,57880.0,61,3000.0,100090.0,8.1,-0.1,POITIERS-BIARD,21.80000000000001,,,46.593833,0.314333,123,Poitiers,Vienne,86,Nouvelle-Aquitaine,75,6,2.500087253165825
07335,2025-06-22T09:00:00+00:00,220.0,2.9,70.0,19760.0,0,450.0,100570.0,5.5,0.0,POITIERS-BIARD,22.100000000000023,,,46.593833,0.314333,123,Poitiers,Vienne,86,Nouvelle-Aquitaine,75,6,2.500087253165825
07335,2025-06-22T21:00:00+00:00,240.0,3.7,65.0,60000.0,0,,100490.0,5.2,0.0,POITIERS-BIARD,21.80000000000001,,,46.593833,0.314333,123,Poitiers,Vienne,86,Nouvelle-Aquitaine,75,6,2.500087253165825
07335,2025-06-27T21:00:00+00:00,320.0,1.5,60.0,60000.0,0,,101140.0,2.3,0.2,POITIERS-BIARD,25.0,,,46.593833,0.314333,123,Poitiers,Vienne,86,Nouvelle-Aquitaine,75,6,2.500087253165825
07335,2025-06-28T12:00:00+00:00,110.0,1.7,40.0,60000.0,0,,101160.0,4.5,0.0,POITIERS-BIARD,30.80000000000001,,,46.593833,0.314333,123,Poitiers,Vienne,86,Nouvelle-Aquitaine,75,6,2.500087253165825
07335,2025-06-28T18:00:00+00:00,10.0,4.1,37.0,60000.0,0,,100960.0,6.2,0.0,POITIERS-BIARD,32.400000000000034,,,46.593833,0.314333,123,Poitiers,Vienne,86,Nouvelle-Aquitaine,75,6,2.500087253165825
07335,2025-06-21T00:00:00+00:00,50.0,1.8,57.0,60000.0,0,,100410.0,3.0,0.0,POITIERS-BIARD,23.80000000000001,,,46.593833,0.314333,123,Poitiers,Vienne,86,Nouvelle-Aquitaine,75,6,2.500087253165825
07335,2025-06-21T15:00:00+00:00,180.0,3.1,25.0,19890.0,0,,100190.0,6.1,0.0,POITIERS-BIARD,37.10000000000002,,,46.593833,0.314333,123,Poitiers,Vienne,86,Nouvelle-Aquitaine,75,6,2.500087253165825
07335,2025-06-26T00:00:00+00:00,230.0,5.9,78.0,60000.0,0,3480.0,100120.0,8.6,0.4,POITIERS-BIARD,20.400000000000034,,,46.593833,0.314333,123,Poitiers,Vienne,86,Nouvelle-Aquitaine,75,6,2.500087253165825
07335,2025-06-27T12:00:00+00:00,260.0,3.8,52.0,60000.0,0,,101150.0,6.0,0.2,POITIERS-BIARD,26.600000000000023,,,46.593833,0.314333,123,Poitiers,Vienne,86,Nouvelle-Aquitaine,75,6,2.500087253165825
07335,2025-06-29T09:00:00+00:00,20.0,2.9,56.0,60000.0,0,,100940.0,5.4,0.0,POITIERS-BIARD,28.600000000000023,,,46.593833,0.314333,123,Poitiers,Vienne,86,Nouvelle-Aquitaine,75,6,2.500087253165825
07335,2025-06-16T09:00:00+00:00,70.0,2.2,57.0,60000.0,0,,101400.0,5.3,0.0,POITIERS-BIARD,21.900000000000034,,,46.593833,0.314333,123,Poitiers,Vienne,86,Nouvelle-Aquitaine,75,6,2.500087253165825
07335,2025-06-17T03:00:00+00:00,20.0,1.5,80.0,60000.0,0,,101040.0,1.9,0.0,POITIERS-BIARD,12.200000000000045,,,46.593833,0.314333,123,Poitiers,Vienne,86,Nouvelle-Aquitaine,75,6,2.500087253165825
07335,2025-06-18T00:00:00+00:00,340.0,1.7,71.0,60000.0,0,,100930.0,2.8,0.0,POITIERS-BIARD,17.700000000000045,,,46.593833,0.314333,123,Poitiers,Vienne,86,Nouvelle-Aquitaine,75,6,2.500087253165825
07335,2025-06-18T03:00:00+00:00,320.0,1.9,81.0,60000.0,0,,100920.0,2.7,0.0,POITIERS-BIARD,14.700000000000045,,,46.593833,0.314333,123,Poitiers,Vienne,86,Nouvelle-Aquitaine,75,6,2.500087253165825
07335,2025-06-20T09:00:00+00:00,10.0,2.9,51.0,19380.0,0,,100620.0,5.3,0.0,POITIERS-BIARD,28.30000000000001,,,46.593833,0.314333,123,Poitiers,Vienne,86,Nouvelle-Aquitaine,75,6,2.500087253165825
07335,2025-06-21T06:00:00+00:00,90.0,1.6,67.0,55680.0,0,,100380.0,3.3,0.0,POITIERS-BIARD,23.5,,,46.593833,0.314333,123,Poitiers,Vienne,86,Nouvelle-Aquitaine,75,6,2.500087253165825
07335,2025-06-22T12:00:00+00:00,230.0,3.8,53.0,19700.0,0,4620.0,100520.0,8.5,0.0,POITIERS-BIARD,26.100000000000023,,,46.593833,0.314333,123,Poitiers,Vienne,86,Nouvelle-Aquitaine,75,6,2.500087253165825
07335,2025-06-23T12:00:00+00:00,260.0,4.3,45.0,60000.0,0,1750.0,100590.0,7.4,0.0,POITIERS-BIARD,26.100000000000023,,,46.593833,0.314333,123,Poitiers,Vienne,86,Nouvelle-Aquitaine,75,6,2.500087253165825
07335,2025-06-24T12:00:00+00:00,150.0,1.5,44.0,60000.0,0,,100280.0,3.0,0.0,POITIERS-BIARD,28.400000000000034,,,46.593833,0.314333,123,Poitiers,Vienne,86,Nouvelle-Aquitaine,75,6,2.500087253165825
07335,2025-06-19T18:00:00+00:00,50.0,4.4,34.0,19680.0,0,,100490.0,6.4,0.0,POITIERS-BIARD,32.0,,,46.593833,0.314333,123,Poitiers,Vienne,86,Nouvelle-Aquitaine,75,6,2.500087253165825
07335,2025-06-17T09:00:00+00:00,40.0,5.0,48.0,17790.0,0,,101090.0,8.6,0.0,POITIERS-BIARD,24.700000000000045,,,46.593833,0.314333,123,Poitiers,Vienne,86,Nouvelle-Aquitaine,75,6,2.500087253165825
07335,2025-06-22T18:00:00+00:00,260.0,4.2,47.0,60000.0,0,,100310.0,5.6,0.0,POITIERS-BIARD,27.5,,,46.593833,0.314333,123,Poitiers,Vienne,86,Nouvelle-Aquitaine,75,6,2.500087253165825
07335,2025-06-24T15:00:00+00:00,200.0,2.5,35.0,19910.0,0,,100150.0,6.7,0.0,POITIERS-BIARD,31.600000000000023,,,46.593833,0.314333,123,Poitiers,Vienne,86,Nouvelle-Aquitaine,75,6,2.500087253165825
07335,2025-06-18T21:00:00+00:00,30.0,3.1,53.0,60000.0,0,,100750.0,4.1,0.0,POITIERS-BIARD,23.30000000000001,,,46.593833,0.314333,123,Poitiers,Vienne,86,Nouvelle-Aquitaine,75,6,2.500087253165825
07335,2025-06-19T06:00:00+00:00,360.0,1.9,63.0,19490.0,0,30.0,100750.0,2.8,0.0,POITIERS-BIARD,20.0,,,46.593833,0.314333,123,Poitiers,Vienne,86,Nouvelle-Aquitaine,75,6,2.500087253165825
07335,2025-06-19T21:00:00+00:00,40.0,2.7,48.0,59190.0,0,,100610.0,3.9,0.0,POITIERS-BIARD,25.700000000000045,,,46.593833,0.314333,123,Poitiers,Vienne,86,Nouvelle-Aquitaine,75,6,2.500087253165825
07335,2025-06-25T15:00:00+00:00,200.0,4.0,32.0,19960.0,0,5040.0,99580.0,6.6,0.4,POITIERS-BIARD,34.80000000000001,,,46.593833,0.314333,123,Poitiers,Vienne,86,Nouvelle-Aquitaine,75,6,2.500087253165825
07335,2025-06-26T21:00:00+00:00,260.0,4.4,75.0,60000.0,0,,100970.0,7.3,-0.1,POITIERS-BIARD,20.400000000000034,,,46.593833,0.314333,123,Poitiers,Vienne,86,Nouvelle-Aquitaine,75,6,2.500087253165825
07335,2025-06-19T12:00:00+00:00,60.0,4.3,35.0,60000.0,0,,100640.0,8.3,0.0,POITIERS-BIARD,31.5,,,46.593833,0.314333,123,Poitiers,Vienne,86,Nouvelle-Aquitaine,75,6,2.500087253165825
07335,2025-06-22T00:00:00+00:00,250.0,4.9,88.0,19530.0,0,450.0,100410.0,7.2,0.0,POITIERS-BIARD,20.400000000000034,,,46.593833,0.314333,123,Poitiers,Vienne,86,Nouvelle-Aquitaine,75,6,2.500087253165825
07335,2025-06-17T06:00:00+00:00,10.0,1.5,70.0,60000.0,0,30.0,101060.0,2.5,0.0,POITIERS-BIARD,16.0,,,46.593833,0.314333,123,Poitiers,Vienne,86,Nouvelle-Aquitaine,75,6,2.500087253165825
07335,2025-06-23T00:00:00+00:00,260.0,1.9,79.0,60000.0,0,,100550.0,3.0,0.0,POITIERS-BIARD,17.80000000000001,,,46.593833,0.314333,123,Poitiers,Vienne,86,Nouvelle-Aquitaine,75,6,2.500087253165825
07335,2025-06-24T09:00:00+00:00,200.0,2.1,60.0,60000.0,0,,100500.0,5.5,0.0,POITIERS-BIARD,23.900000000000034,,,46.593833,0.314333,123,Poitiers,Vienne,86,Nouvelle-Aquitaine,75,6,2.500087253165825
07335,2025-06-26T03:00:00+00:00,210.0,5.3,88.0,53010.0,0,450.0,100180.0,7.7,0.4,POITIERS-BIARD,19.100000000000023,,,46.593833,0.314333,123,Poitiers,Vienne,86,Nouvelle-Aquitaine,75,6,2.500087253165825
07335,2025-06-28T03:00:00+00:00,320.0,2.9,89.0,60000.0,0,,101180.0,3.9,0.2,POITIERS-BIARD,18.0,,,46.593833,0.314333,123,Poitiers,Vienne,86,Nouvelle-Aquitaine,75,6,2.500087253165825
07335,2025-07-14T12:00:00+00:00,230.0,7.9,50.0,19700.0,0,1250.0,100650.0,11.2,-0.1,POITIERS-BIARD,25.900000000000034,,,46.593833,0.314333,123,Poitiers,Vienne,86,Nouvelle-Aquitaine,75,7,2.500087253165825
07335,2025-07-07T15:00:00+00:00,340.0,8.4,47.0,60000.0,0,1250.0,99970.0,12.0,1.4,POITIERS-BIARD,22.30000000000001,,,46.593833,0.314333,123,Poitiers,Vienne,86,Nouvelle-Aquitaine,75,7,2.500087253165825
07335,2025-07-01T03:00:00+00:00,210.0,0.8,78.0,60000.0,0,,100160.0,1.0,0.0,POITIERS-BIARD,19.700000000000045,,,46.593833,0.314333,123,Poitiers,Vienne,86,Nouvelle-Aquitaine,75,7,2.500087253165825
07335,2025-07-02T00:00:00+00:00,190.0,1.1,66.0,60000.0,0,,100100.0,1.5,0.0,POITIERS-BIARD,24.30000000000001,,,46.593833,0.314333,123,Poitiers,Vienne,86,Nouvelle-Aquitaine,75,7,2.500087253165825
07335,2025-07-08T15:00:00+00:00,340.0,4.8,36.0,19770.0,0,1750.0,100530.0,9.9,0.0,POITIERS-BIARD,24.30000000000001,,,46.593833,0.314333,123,Poitiers,Vienne,86,Nouvelle-Aquitaine,75,7,2.500087253165825
07335,2025-07-09T03:00:00+00:00,320.0,1.9,83.0,60000.0,0,,100700.0,2.5,0.0,POITIERS-BIARD,12.0,,,46.593833,0.314333,123,Poitiers,Vienne,86,Nouvelle-Aquitaine,75,7,2.500087253165825
07335,2025-07-13T03:00:00+00:00,200.0,4.3,84.0,60000.0,0,,99630.0,6.2,0.0,POITIERS-BIARD,20.0,,,46.593833,0.314333,123,Poitiers,Vienne,86,Nouvelle-Aquitaine,75,7,2.500087253165825
07335,2025-06-30T15:00:00+00:00,200.0,2.5,25.0,60000.0,0,,100160.0,5.5,0.0,POITIERS-BIARD,37.0,,,46.593833,0.314333,123,Poitiers,Vienne,86,Nouvelle-Aquitaine,75,6,2.500087253165825
07335,2025-06-30T18:00:00+00:00,260.0,2.8,24.0,60000.0,0,7620.0,100040.0,4.7,0.0,POITIERS-BIARD,36.60000000000002,,,46.593833,0.314333,123,Poitiers,Vienne,86,Nouvelle-Aquitaine,75,6,2.500087253165825
07335,2025-07-01T21:00:00+00:00,300.0,1.8,51.0,60000.0,0,,100060.0,2.2,0.0,POITIERS-BIARD,28.700000000000045,,,46.593833,0.314333,123,Poitiers,Vienne,86,Nouvelle-Aquitaine,75,7,2.500087253165825
07335,2025-07-04T06:00:00+00:00,30.0,2.6,54.0,60000.0,0,,101300.0,4.1,0.0,POITIERS-BIARD,18.100000000000023,,,46.593833,0.314333,123,Poitiers,Vienne,86,Nouvelle-Aquitaine,75,7,2.500087253165825
07335,2025-07-07T09:00:00+00:00,270.0,5.8,66.0,60000.0,0,800.0,99840.0,10.0,4.0,POITIERS-BIARD,18.400000000000034,,,46.593833,0.314333,123,Poitiers,Vienne,86,Nouvelle-Aquitaine,75,7,2.500087253165825
07335,2025-07-12T06:00:00+00:00,50.0,3.9,61.0,60000.0,0,,99890.0,6.5,0.0,POITIERS-BIARD,21.30000000000001,,,46.593833,0.314333,123,Poitiers,Vienne,86,Nouvelle-Aquitaine,75,7,2.500087253165825
07335,2025-07-10T18:00:00+00:00,60.0,5.1,30.0,60000.0,0,,100420.0,8.7,0.0,POITIERS-BIARD,28.400000000000034,,,46.593833,0.314333,123,Poitiers,Vienne,86,Nouvelle-Aquitaine,75,7,2.500087253165825
07335,2025-07-14T09:00:00+00:00,250.0,5.8,67.0,12700.0,0,800.0,100640.0,9.1,-0.1,POITIERS-BIARD,22.5,,,46.593833,0.314333,123,Poitiers,Vienne,86,Nouvelle-Aquitaine,75,7,2.500087253165825
07335,2025-07-08T06:00:00+00:00,300.0,3.2,88.0,59880.0,0,,100520.0,5.2,1.4,POITIERS-BIARD,13.600000000000023,,,46.593833,0.314333,123,Poitiers,Vienne,86,Nouvelle-Aquitaine,75,7,2.500087253165825
07335,2025-07-08T12:00:00+00:00,330.0,4.7,38.0,60000.0,0,,100540.0,9.3,0.0,POITIERS-BIARD,23.30000000000001,,,46.593833,0.314333,123,Poitiers,Vienne,86,Nouvelle-Aquitaine,75,7,2.500087253165825
07335,2025-07-09T09:00:00+00:00,90.0,1.6,40.0,60000.0,0,,100780.0,3.4,0.0,POITIERS-BIARD,23.5,,,46.593833,0.314333,123,Poitiers,Vienne,86,Nouvelle-Aquitaine,75,7,2.500087253165825
07335,2025-07-06T21:00:00+00:00,250.0,4.9,81.0,60000.0,0,,99800.0,6.9,5.2,POITIERS-BIARD,17.5,,,46.593833,0.314333,123,Poitiers,Vienne,86,Nouvelle-Aquitaine,75,7,2.500087253165825
07335,2025-07-08T03:00:00+00:00,310.0,1.9,92.0,60000.0,0,,100500.0,2.9,1.4,POITIERS-BIARD,11.700000000000045,,,46.593833,0.314333,123,Poitiers,Vienne,86,Nouvelle-Aquitaine,75,7,2.500087253165825
07335,2025-07-09T18:00:00+00:00,30.0,4.2,27.0,60000.0,0,,100590.0,6.0,0.0,POITIERS-BIARD,26.80000000000001,,,46.593833,0.314333,123,Poitiers,Vienne,86,Nouvelle-Aquitaine,75,7,2.500087253165825
07335,2025-06-30T00:00:00+00:00,30.0,2.7,65.0,60000.0,0,,100520.0,3.5,0.0,POITIERS-BIARD,23.900000000000034,,,46.593833,0.314333,123,Poitiers,Vienne,86,Nouvelle-Aquitaine,75,6,2.500087253165825
07335,2025-07-02T03:00:00+00:00,310.0,2.5,77.0,59850.0,0,,99970.0,3.9,0.0,POITIERS-BIARD,21.600000000000023,,,46.593833,0.314333,123,Poitiers,Vienne,86,Nouvelle-Aquitaine,75,7,2.500087253165825
07335,2025-07-05T12:00:00+00:00,330.0,4.5,26.0,60000.0,0,6660.0,100640.0,8.4,0.0,POITIERS-BIARD,27.5,,,46.593833,0.314333,123,Poitiers,Vienne,86,Nouvelle-Aquitaine,75,7,2.500087253165825
07335,2025-07-05T15:00:00+00:00,290.0,3.4,21.0,60000.0,0,7080.0,100450.0,7.4,0.0,POITIERS-BIARD,29.700000000000045,,,46.593833,0.314333,123,Poitiers,Vienne,86,Nouvelle-Aquitaine,75,7,2.500087253165825
07335,2025-07-06T00:00:00+00:00,300.0,3.9,33.0,60000.0,0,4020.0,100280.0,6.1,0.0,POITIERS-BIARD,20.700000000000045,,,46.593833,0.314333,123,Poitiers,Vienne,86,Nouvelle-Aquitaine,75,7,2.500087253165825
07335,2025-07-08T21:00:00+00:00,360.0,1.9,51.0,60000.0,0,,100620.0,2.5,0.0,POITIERS-BIARD,19.600000000000023,,,46.593833,0.314333,123,Poitiers,Vienne,86,Nouvelle-Aquitaine,75,7,2.500087253165825
07335,2025-07-12T15:00:00+00:00,30.0,4.3,30.0,60000.0,0,,99570.0,7.5,0.0,POITIERS-BIARD,31.700000000000045,,,46.593833,0.314333,123,Poitiers,Vienne,86,Nouvelle-Aquitaine,75,7,2.500087253165825
07335,2025-07-13T00:00:00+00:00,10.0,0.9,51.0,60000.0,0,,99690.0,1.4,0.0,POITIERS-BIARD,23.400000000000034,,,46.593833,0.314333,123,Poitiers,Vienne,86,Nouvelle-Aquitaine,75,7,2.500087253165825
07335,2025-07-04T15:00:00+00:00,30.0,5.1,23.0,60000.0,0,,100990.0,10.0,0.0,POITIERS-BIARD,29.30000000000001,,,46.593833,0.314333,123,Poitiers,Vienne,86,Nouvelle-Aquitaine,75,7,2.500087253165825
07335,2025-07-04T18:00:00+00:00,20.0,5.0,24.0,60000.0,0,,100860.0,7.6,0.0,POITIERS-BIARD,28.30000000000001,,,46.593833,0.314333,123,Poitiers,Vienne,86,Nouvelle-Aquitaine,75,7,2.500087253165825
07335,2025-07-07T21:00:00+00:00,340.0,4.5,70.0,60000.0,0,1750.0,100380.0,7.6,1.4,POITIERS-BIARD,17.200000000000045,,,46.593833,0.314333,123,Poitiers,Vienne,86,Nouvelle-Aquitaine,75,7,2.500087253165825
07335,2025-07-13T15:00:00+00:00,240.0,8.8,43.0,60000.0,0,1750.0,99830.0,15.3,0.0,POITIERS-BIARD,30.30000000000001,,,46.593833,0.314333,123,Poitiers,Vienne,86,Nouvelle-Aquitaine,75,7,2.500087253165825
07335,2025-07-13T21:00:00+00:00,230.0,8.3,77.0,60000.0,0,800.0,100210.0,12.5,0.0,POITIERS-BIARD,21.5,,,46.593833,0.314333,123,Poitiers,Vienne,86,Nouvelle-Aquitaine,75,7,2.500087253165825
07335,2025-07-06T18:00:00+00:00,260.0,7.8,62.0,60000.0,0,1250.0,99700.0,11.7,5.2,POITIERS-BIARD,22.100000000000023,,,46.593833,0.314333,123,Poitiers,Vienne,86,Nouvelle-Aquitaine,75,7,2.500087253165825
07335,2025-07-01T06:00:00+00:00,240.0,2.1,69.0,60000.0,0,,100200.0,3.0,0.0,POITIERS-BIARD,23.200000000000045,,,46.593833,0.314333,123,Poitiers,Vienne,86,Nouvelle-Aquitaine,75,7,2.500087253165825
07335,2025-07-01T09:00:00+00:00,250.0,3.8,45.0,60000.0,0,,100220.0,7.0,0.0,POITIERS-BIARD,30.80000000000001,,,46.593833,0.314333,123,Poitiers,Vienne,86,Nouvelle-Aquitaine,75,7,2.500087253165825
07335,2025-07-09T21:00:00+00:00,20.0,2.2,39.0,60000.0,0,,100690.0,3.0,0.0,POITIERS-BIARD,20.900000000000034,,,46.593833,0.314333,123,Poitiers,Vienne,86,Nouvelle-Aquitaine,75,7,2.500087253165825
07335,2025-07-12T09:00:00+00:00,70.0,4.3,41.0,60000.0,0,,99840.0,8.3,0.0,POITIERS-BIARD,28.200000000000045,,,46.593833,0.314333,123,Poitiers,Vienne,86,Nouvelle-Aquitaine,75,7,2.500087253165825
07335,2025-07-06T06:00:00+00:00,210.0,2.0,80.0,60000.0,0,1250.0,100110.0,2.6,0.4,POITIERS-BIARD,15.5,,,46.593833,0.314333,123,Poitiers,Vienne,86,Nouvelle-Aquitaine,75,7,2.500087253165825
07335,2025-06-30T21:00:00+00:00,280.0,2.7,45.0,60000.0,0,,100170.0,4.4,0.0,POITIERS-BIARD,29.30000000000001,,,46.593833,0.314333,123,Poitiers,Vienne,86,Nouvelle-Aquitaine,75,6,2.500087253165825
07335,2025-07-10T15:00:00+00:00,60.0,5.5,31.0,60000.0,0,,100530.0,8.9,0.0,POITIERS-BIARD,28.80000000000001,,,46.593833,0.314333,123,Poitiers,Vienne,86,Nouvelle-Aquitaine,75,7,2.500087253165825
07335,2025-07-12T00:00:00+00:00,50.0,3.3,51.0,60000.0,0,,100000.0,5.0,0.0,POITIERS-BIARD,23.100000000000023,,,46.593833,0.314333,123,Poitiers,Vienne,86,Nouvelle-Aquitaine,75,7,2.500087253165825
07335,2025-07-12T21:00:00+00:00,20.0,2.7,45.0,60000.0,0,2760.0,99620.0,3.4,0.0,POITIERS-BIARD,25.200000000000045,,,46.593833,0.314333,123,Poitiers,Vienne,86,Nouvelle-Aquitaine,75,7,2.500087253165825
07335,2025-06-30T12:00:00+00:00,290.0,2.4,31.0,60000.0,0,,100290.0,9.1,0.0,POITIERS-BIARD,35.5,,,46.593833,0.314333,123,Poitiers,Vienne,86,Nouvelle-Aquitaine,75,6,2.500087253165825
07335,2025-07-02T15:00:00+00:00,240.0,5.2,68.0,10000.0,0,1250.0,100380.0,7.0,0.0,POITIERS-BIARD,25.900000000000034,,,46.593833,0.314333,123,Poitiers,Vienne,86,Nouvelle-Aquitaine,75,7,2.500087253165825
07335,2025-07-03T06:00:00+00:00,10.0,4.6,61.0,60000.0,0,2250.0,101050.0,6.2,0.0,POITIERS-BIARD,17.5,,,46.593833,0.314333,123,Poitiers,Vienne,86,Nouvelle-Aquitaine,75,7,2.500087253165825
07335,2025-07-11T18:00:00+00:00,50.0,6.7,30.0,60000.0,0,,99940.0,11.3,0.0,POITIERS-BIARD,30.5,,,46.593833,0.314333,123,Poitiers,Vienne,86,Nouvelle-Aquitaine,75,7,2.500087253165825
07335,2025-07-11T21:00:00+00:00,40.0,4.2,42.0,60000.0,0,,99960.0,6.7,0.0,POITIERS-BIARD,25.600000000000023,,,46.593833,0.314333,123,Poitiers,Vienne,86,Nouvelle-Aquitaine,75,7,2.500087253165825
07335,2025-07-12T12:00:00+00:00,60.0,4.4,36.0,60000.0,0,,99720.0,8.3,0.0,POITIERS-BIARD,30.400000000000034,,,46.593833,0.314333,123,Poitiers,Vienne,86,Nouvelle-Aquitaine,75,7,2.500087253165825
07335,2025-06-30T06:00:00+00:00,50.0,2.1,62.0,60000.0,0,,100380.0,3.7,0.0,POITIERS-BIARD,24.5,,,46.593833,0.314333,123,Poitiers,Vienne,86,Nouvelle-Aquitaine,75,6,2.500087253165825
07335,2025-07-03T03:00:00+00:00,10.0,6.6,54.0,60000.0,0,1250.0,100990.0,8.9,0.0,POITIERS-BIARD,18.5,,,46.593833,0.314333,123,Poitiers,Vienne,86,Nouvelle-Aquitaine,75,7,2.500087253165825
07335,2025-07-05T00:00:00+00:00,300.0,2.2,52.0,60000.0,0,,100850.0,2.7,0.0,POITIERS-BIARD,16.5,,,46.593833,0.314333,123,Poitiers,Vienne,86,Nouvelle-Aquitaine,75,7,2.500087253165825
07335,2025-07-05T06:00:00+00:00,330.0,3.3,68.0,60000.0,0,,100800.0,4.5,0.0,POITIERS-BIARD,15.900000000000034,,,46.593833,0.314333,123,Poitiers,Vienne,86,Nouvelle-Aquitaine,75,7,2.500087253165825
07335,2025-07-09T06:00:00+00:00,360.0,1.2,75.0,60000.0,0,,100750.0,1.8,0.0,POITIERS-BIARD,14.600000000000023,,,46.593833,0.314333,123,Poitiers,Vienne,86,Nouvelle-Aquitaine,75,7,2.500087253165825
07335,2025-07-10T00:00:00+00:00,350.0,1.7,61.0,60000.0,0,,100720.0,2.1,0.0,POITIERS-BIARD,15.700000000000045,,,46.593833,0.314333,123,Poitiers,Vienne,86,Nouvelle-Aquitaine,75,7,2.500087253165825
07335,2025-07-03T15:00:00+00:00,70.0,3.8,38.0,60000.0,0,6300.0,100980.0,6.4,0.0,POITIERS-BIARD,28.30000000000001,,,46.593833,0.314333,123,Poitiers,Vienne,86,Nouvelle-Aquitaine,75,7,2.500087253165825
07335,2025-07-03T21:00:00+00:00,20.0,3.6,34.0,60000.0,0,2250.0,101120.0,5.4,0.0,POITIERS-BIARD,24.400000000000034,,,46.593833,0.314333,123,Poitiers,Vienne,86,Nouvelle-Aquitaine,75,7,2.500087253165825
07335,2025-07-07T06:00:00+00:00,260.0,4.7,79.0,60000.0,0,450.0,99790.0,7.4,4.8,POITIERS-BIARD,16.0,,,46.593833,0.314333,123,Poitiers,Vienne,86,Nouvelle-Aquitaine,75,7,2.500087253165825
07335,2025-07-10T06:00:00+00:00,60.0,2.5,60.0,60000.0,0,,100710.0,4.2,0.0,POITIERS-BIARD,17.100000000000023,,,46.593833,0.314333,123,Poitiers,Vienne,86,Nouvelle-Aquitaine,75,7,2.500087253165825
07335,2025-07-10T09:00:00+00:00,80.0,4.9,37.0,60000.0,0,,100760.0,9.8,0.0,POITIERS-BIARD,24.600000000000023,,,46.593833,0.314333,123,Poitiers,Vienne,86,Nouvelle-Aquitaine,75,7,2.500087253165825
07335,2025-07-11T00:00:00+00:00,40.0,3.1,55.0,60000.0,0,,100420.0,4.8,0.0,POITIERS-BIARD,19.5,,,46.593833,0.314333,123,Poitiers,Vienne,86,Nouvelle-Aquitaine,75,7,2.500087253165825
07335,2025-07-11T15:00:00+00:00,60.0,6.5,28.0,19930.0,0,,100030.0,11.1,0.0,POITIERS-BIARD,31.400000000000034,,,46.593833,0.314333,123,Poitiers,Vienne,86,Nouvelle-Aquitaine,75,7,2.500087253165825
07335,2025-07-14T18:00:00+00:00,260.0,5.8,46.0,60000.0,0,7440.0,100610.0,9.5,-0.1,POITIERS-BIARD,24.80000000000001,,,46.593833,0.314333,123,Poitiers,Vienne,86,Nouvelle-Aquitaine,75,7,2.500087253165825
07335,2025-07-02T09:00:00+00:00,200.0,3.4,59.0,19900.0,0,,100160.0,8.1,0.0,POITIERS-BIARD,27.80000000000001,,,46.593833,0.314333,123,Poitiers,Vienne,86,Nouvelle-Aquitaine,75,7,2.500087253165825
07335,2025-07-02T12:00:00+00:00,240.0,7.4,60.0,19820.0,0,,100310.0,10.7,0.0,POITIERS-BIARD,28.100000000000023,,,46.593833,0.314333,123,Poitiers,Vienne,86,Nouvelle-Aquitaine,75,7,2.500087253165825
07335,2025-07-11T12:00:00+00:00,90.0,6.2,29.0,60000.0,0,,100200.0,13.0,0.0,POITIERS-BIARD,30.100000000000023,,,46.593833,0.314333,123,Poitiers,Vienne,86,Nouvelle-Aquitaine,75,7,2.500087253165825
07335,2025-07-13T06:00:00+00:00,200.0,4.4,87.0,49540.0,0,250.0,99730.0,7.0,0.0,POITIERS-BIARD,20.0,,,46.593833,0.314333,123,Poitiers,Vienne,86,Nouvelle-Aquitaine,75,7,2.500087253165825
07335,2025-07-14T06:00:00+00:00,210.0,3.9,89.0,46770.0,0,250.0,100510.0,5.7,-0.1,POITIERS-BIARD,19.5,,,46.593833,0.314333,123,Poitiers,Vienne,86,Nouvelle-Aquitaine,75,7,2.500087253165825
07335,2025-07-08T09:00:00+00:00,310.0,4.3,49.0,60000.0,0,800.0,100560.0,7.3,1.0,POITIERS-BIARD,20.100000000000023,,,46.593833,0.314333,123,Poitiers,Vienne,86,Nouvelle-Aquitaine,75,7,2.500087253165825
07335,2025-07-01T12:00:00+00:00,250.0,4.2,32.0,60000.0,0,,100160.0,8.7,0.0,POITIERS-BIARD,35.200000000000045,,,46.593833,0.314333,123,Poitiers,Vienne,86,Nouvelle-Aquitaine,75,7,2.500087253165825
07335,2025-07-02T18:00:00+00:00,320.0,4.9,61.0,60000.0,0,1250.0,100410.0,8.1,0.0,POITIERS-BIARD,25.100000000000023,,,46.593833,0.314333,123,Poitiers,Vienne,86,Nouvelle-Aquitaine,75,7,2.500087253165825
07335,2025-07-07T03:00:00+00:00,250.0,3.0,83.0,60000.0,0,1250.0,99750.0,4.8,5.2,POITIERS-BIARD,15.800000000000011,,,46.593833,0.314333,123,Poitiers,Vienne,86,Nouvelle-Aquitaine,75,7,2.500087253165825
07335,2025-06-30T09:00:00+00:00,50.0,1.8,44.0,60000.0,0,,100360.0,3.9,0.0,POITIERS-BIARD,31.5,,,46.593833,0.314333,123,Poitiers,Vienne,86,Nouvelle-Aquitaine,75,6,2.500087253165825
07335,2025-07-01T15:00:00+00:00,270.0,2.7,31.0,19210.0,0,,100050.0,5.4,0.0,POITIERS-BIARD,37.5,,,46.593833,0.314333,123,Poitiers,Vienne,86,Nouvelle-Aquitaine,75,7,2.500087253165825
07335,2025-07-09T12:00:00+00:00,320.0,2.7,30.0,58570.0,0,,100750.0,5.6,0.0,POITIERS-BIARD,26.0,,,46.593833,0.314333,123,Poitiers,Vienne,86,Nouvelle-Aquitaine,75,7,2.500087253165825
07335,2025-07-10T12:00:00+00:00,60.0,5.7,32.0,60000.0,0,,100670.0,11.1,0.0,POITIERS-BIARD,27.30000000000001,,,46.593833,0.314333,123,Poitiers,Vienne,86,Nouvelle-Aquitaine,75,7,2.500087253165825
07335,2025-07-04T09:00:00+00:00,90.0,4.8,34.0,60000.0,0,,101300.0,8.9,0.0,POITIERS-BIARD,24.400000000000034,,,46.593833,0.314333,123,Poitiers,Vienne,86,Nouvelle-Aquitaine,75,7,2.500087253165825
07335,2025-07-05T09:00:00+00:00,310.0,2.1,40.0,60000.0,0,,100790.0,3.6,0.0,POITIERS-BIARD,24.200000000000045,,,46.593833,0.314333,123,Poitiers,Vienne,86,Nouvelle-Aquitaine,75,7,2.500087253165825
07335,2025-07-02T21:00:00+00:00,340.0,5.7,58.0,60000.0,0,1250.0,100750.0,9.4,0.0,POITIERS-BIARD,23.30000000000001,,,46.593833,0.314333,123,Poitiers,Vienne,86,Nouvelle-Aquitaine,75,7,2.500087253165825
07335,2025-07-06T15:00:00+00:00,230.0,8.9,75.0,60000.0,0,450.0,99740.0,12.4,5.2,POITIERS-BIARD,22.700000000000045,,,46.593833,0.314333,123,Poitiers,Vienne,86,Nouvelle-Aquitaine,75,7,2.500087253165825
07335,2025-07-11T09:00:00+00:00,60.0,5.8,36.0,60000.0,0,,100340.0,10.2,0.0,POITIERS-BIARD,26.30000000000001,,,46.593833,0.314333,123,Poitiers,Vienne,86,Nouvelle-Aquitaine,75,7,2.500087253165825
07335,2025-07-09T00:00:00+00:00,310.0,1.5,74.0,60000.0,0,,100690.0,2.0,0.0,POITIERS-BIARD,14.200000000000045,,,46.593833,0.314333,123,Poitiers,Vienne,86,Nouvelle-Aquitaine,75,7,2.500087253165825
07335,2025-07-13T18:00:00+00:00,240.0,8.4,55.0,60000.0,0,3600.0,99930.0,11.3,0.0,POITIERS-BIARD,27.100000000000023,,,46.593833,0.314333,123,Poitiers,Vienne,86,Nouvelle-Aquitaine,75,7,2.500087253165825
07335,2025-07-14T15:00:00+00:00,240.0,8.3,43.0,60000.0,0,1750.0,100600.0,13.3,-0.1,POITIERS-BIARD,27.400000000000034,,,46.593833,0.314333,123,Poitiers,Vienne,86,Nouvelle-Aquitaine,75,7,2.500087253165825
07335,2025-07-10T03:00:00+00:00,10.0,2.0,66.0,60000.0,0,,100690.0,2.4,0.0,POITIERS-BIARD,13.800000000000011,,,46.593833,0.314333,123,Poitiers,Vienne,86,Nouvelle-Aquitaine,75,7,2.500087253165825
07335,2025-07-04T12:00:00+00:00,10.0,5.9,27.0,60000.0,0,,101150.0,10.0,0.0,POITIERS-BIARD,27.900000000000034,,,46.593833,0.314333,123,Poitiers,Vienne,86,Nouvelle-Aquitaine,75,7,2.500087253165825
07335,2025-06-30T03:00:00+00:00,50.0,2.0,70.0,60000.0,0,,100420.0,2.7,0.0,POITIERS-BIARD,22.200000000000045,,,46.593833,0.314333,123,Poitiers,Vienne,86,Nouvelle-Aquitaine,75,6,2.500087253165825
07335,2025-07-03T09:00:00+00:00,80.0,3.3,56.0,60000.0,0,,101120.0,5.7,0.0,POITIERS-BIARD,21.80000000000001,,,46.593833,0.314333,123,Poitiers,Vienne,86,Nouvelle-Aquitaine,75,7,2.500087253165825
07335,2025-07-03T18:00:00+00:00,30.0,5.1,33.0,60000.0,0,,100890.0,7.4,0.0,POITIERS-BIARD,28.0,,,46.593833,0.314333,123,Poitiers,Vienne,86,Nouvelle-Aquitaine,75,7,2.500087253165825
07335,2025-07-04T03:00:00+00:00,30.0,3.4,55.0,60000.0,0,,101220.0,4.6,0.0,POITIERS-BIARD,16.5,,,46.593833,0.314333,123,Poitiers,Vienne,86,Nouvelle-Aquitaine,75,7,2.500087253165825
07335,2025-07-06T12:00:00+00:00,210.0,9.2,90.0,16220.0,0,450.0,99910.0,12.2,5.2,POITIERS-BIARD,17.0,,,46.593833,0.314333,123,Poitiers,Vienne,86,Nouvelle-Aquitaine,75,7,2.500087253165825
07335,2025-07-13T12:00:00+00:00,220.0,9.1,46.0,60000.0,0,1250.0,99810.0,14.5,0.0,POITIERS-BIARD,29.900000000000034,,,46.593833,0.314333,123,Poitiers,Vienne,86,Nouvelle-Aquitaine,75,7,2.500087253165825
07335,2025-07-01T00:00:00+00:00,290.0,1.7,56.0,60000.0,0,,100220.0,2.1,0.0,POITIERS-BIARD,25.200000000000045,,,46.593833,0.314333,123,Poitiers,Vienne,86,Nouvelle-Aquitaine,75,7,2.500087253165825
07335,2025-07-05T03:00:00+00:00,320.0,3.1,66.0,60000.0,0,,100790.0,4.2,0.0,POITIERS-BIARD,14.300000000000011,,,46.593833,0.314333,123,Poitiers,Vienne,86,Nouvelle-Aquitaine,75,7,2.500087253165825
07335,2025-07-07T12:00:00+00:00,290.0,4.9,73.0,60000.0,0,1250.0,99900.0,7.7,1.4,POITIERS-BIARD,18.600000000000023,,,46.593833,0.314333,123,Poitiers,Vienne,86,Nouvelle-Aquitaine,75,7,2.500087253165825
07335,2025-07-08T00:00:00+00:00,320.0,1.3,84.0,60000.0,0,,100450.0,2.5,1.4,POITIERS-BIARD,13.900000000000034,,,46.593833,0.314333,123,Poitiers,Vienne,86,Nouvelle-Aquitaine,75,7,2.500087253165825
07335,2025-07-08T18:00:00+00:00,10.0,4.4,35.0,60000.0,0,,100510.0,6.6,0.0,POITIERS-BIARD,24.200000000000045,,,46.593833,0.314333,123,Poitiers,Vienne,86,Nouvelle-Aquitaine,75,7,2.500087253165825
07335,2025-07-14T00:00:00+00:00,230.0,5.1,86.0,59900.0,0,,100360.0,6.7,-0.1,POITIERS-BIARD,19.0,,,46.593833,0.314333,123,Poitiers,Vienne,86,Nouvelle-Aquitaine,75,7,2.500087253165825
07335,2025-07-04T00:00:00+00:00,40.0,3.4,43.0,60000.0,0,1750.0,101180.0,4.7,0.0,POITIERS-BIARD,20.200000000000045,,,46.593833,0.314333,123,Poitiers,Vienne,86,Nouvelle-Aquitaine,75,7,2.500087253165825
07335,2025-07-07T00:00:00+00:00,260.0,4.0,88.0,60000.0,0,450.0,99870.0,5.7,5.2,POITIERS-BIARD,15.600000000000023,,,46.593833,0.314333,123,Poitiers,Vienne,86,Nouvelle-Aquitaine,75,7,2.500087253165825
07335,2025-07-09T15:00:00+00:00,20.0,3.5,25.0,60000.0,0,,100640.0,6.7,0.0,POITIERS-BIARD,27.700000000000045,,,46.593833,0.314333,123,Poitiers,Vienne,86,Nouvelle-Aquitaine,75,7,2.500087253165825
07335,2025-07-11T03:00:00+00:00,20.0,2.1,69.0,60000.0,0,,100360.0,2.7,0.0,POITIERS-BIARD,16.400000000000034,,,46.593833,0.314333,123,Poitiers,Vienne,86,Nouvelle-Aquitaine,75,7,2.500087253165825
07335,2025-07-06T09:00:00+00:00,210.0,8.3,88.0,15510.0,61,1250.0,99990.0,11.2,1.6,POITIERS-BIARD,16.100000000000023,,,46.593833,0.314333,123,Poitiers,Vienne,86,Nouvelle-Aquitaine,75,7,2.500087253165825
07335,2025-07-02T06:00:00+00:00,290.0,2.1,79.0,55720.0,0,,100090.0,3.1,0.0,POITIERS-BIARD,21.5,,,46.593833,0.314333,123,Poitiers,Vienne,86,Nouvelle-Aquitaine,75,7,2.500087253165825
07335,2025-07-13T09:00:00+00:00,200.0,6.3,59.0,60000.0,0,,99800.0,9.6,0.0,POITIERS-BIARD,25.900000000000034,,,46.593833,0.314333,123,Poitiers,Vienne,86,Nouvelle-Aquitaine,75,7,2.500087253165825
07335,2025-07-03T12:00:00+00:00,50.0,5.0,46.0,60000.0,0,7260.0,101110.0,9.4,0.0,POITIERS-BIARD,26.30000000000001,,,46.593833,0.314333,123,Poitiers,Vienne,86,Nouvelle-Aquitaine,75,7,2.500087253165825
07335,2025-07-14T03:00:00+00:00,230.0,4.4,93.0,19700.0,0,450.0,100440.0,6.7,-0.1,POITIERS-BIARD,18.600000000000023,,,46.593833,0.314333,123,Poitiers,Vienne,86,Nouvelle-Aquitaine,75,7,2.500087253165825
07335,2025-07-14T21:00:00+00:00,250.0,5.2,70.0,60000.0,0,4980.0,100780.0,7.7,-0.1,POITIERS-BIARD,19.80000000000001,,,46.593833,0.314333,123,Poitiers,Vienne,86,Nouvelle-Aquitaine,75,7,2.500087253165825
07335,2025-07-05T21:00:00+00:00,310.0,2.5,35.0,60000.0,0,4500.0,100370.0,3.7,0.0,POITIERS-BIARD,23.0,,,46.593833,0.314333,123,Poitiers,Vienne,86,Nouvelle-Aquitaine,75,7,2.500087253165825
07335,2025-07-10T21:00:00+00:00,30.0,3.0,46.0,60000.0,0,,100450.0,3.8,0.0,POITIERS-BIARD,21.80000000000001,,,46.593833,0.314333,123,Poitiers,Vienne,86,Nouvelle-Aquitaine,75,7,2.500087253165825
07335,2025-07-12T03:00:00+00:00,30.0,3.1,67.0,60000.0,0,,99930.0,4.2,0.0,POITIERS-BIARD,18.600000000000023,,,46.593833,0.314333,123,Poitiers,Vienne,86,Nouvelle-Aquitaine,75,7,2.500087253165825
07335,2025-07-04T21:00:00+00:00,360.0,2.7,37.0,60000.0,0,,100910.0,3.2,0.0,POITIERS-BIARD,20.400000000000034,,,46.593833,0.314333,123,Poitiers,Vienne,86,Nouvelle-Aquitaine,75,7,2.500087253165825
07335,2025-07-05T18:00:00+00:00,340.0,3.9,27.0,60000.0,0,,100340.0,6.4,0.0,POITIERS-BIARD,28.200000000000045,,,46.593833,0.314333,123,Poitiers,Vienne,86,Nouvelle-Aquitaine,75,7,2.500087253165825
07335,2025-07-06T03:00:00+00:00,320.0,1.9,51.0,60000.0,0,2700.0,100190.0,3.0,0.0,POITIERS-BIARD,18.100000000000023,,,46.593833,0.314333,123,Poitiers,Vienne,86,Nouvelle-Aquitaine,75,7,2.500087253165825
07335,2025-07-07T18:00:00+00:00,350.0,5.3,49.0,60000.0,0,1750.0,100110.0,8.4,1.4,POITIERS-BIARD,21.900000000000034,,,46.593833,0.314333,123,Poitiers,Vienne,86,Nouvelle-Aquitaine,75,7,2.500087253165825
07335,2025-07-11T06:00:00+00:00,40.0,3.2,64.0,60000.0,0,,100380.0,5.3,0.0,POITIERS-BIARD,18.700000000000045,,,46.593833,0.314333,123,Poitiers,Vienne,86,Nouvelle-Aquitaine,75,7,2.500087253165825
07335,2025-07-12T18:00:00+00:00,20.0,5.5,32.0,60000.0,0,,99520.0,8.2,0.0,POITIERS-BIARD,31.0,,,46.593833,0.314333,123,Poitiers,Vienne,86,Nouvelle-Aquitaine,75,7,2.500087253165825
07335,2025-07-03T00:00:00+00:00,360.0,5.5,62.0,60000.0,0,1750.0,100890.0,8.6,0.0,POITIERS-BIARD,20.600000000000023,,,46.593833,0.314333,123,Poitiers,Vienne,86,Nouvelle-Aquitaine,75,7,2.500087253165825
07335,2025-07-01T18:00:00+00:00,260.0,3.0,32.0,19940.0,0,,99970.0,4.1,0.0,POITIERS-BIARD,36.200000000000045,,,46.593833,0.314333,123,Poitiers,Vienne,86,Nouvelle-Aquitaine,75,7,2.500087253165825
07335,2025-07-15T15:00:00+00:00,250.0,6.8,38.0,18610.0,0,1750.0,100750.0,13.3,0.0,POITIERS-BIARD,26.700000000000045,,,46.593833,0.314333,123,Poitiers,Vienne,86,Nouvelle-Aquitaine,75,7,2.500087253165825
07335,2025-07-16T03:00:00+00:00,230.0,2.2,93.0,42280.0,0,,100820.0,3.6,0.0,POITIERS-BIARD,12.5,,,46.593833,0.314333,123,Poitiers,Vienne,86,Nouvelle-Aquitaine,75,7,2.500087253165825
07335,2025-07-18T03:00:00+00:00,110.0,2.3,60.0,60000.0,0,4620.0,99910.0,4.3,0.0,POITIERS-BIARD,23.100000000000023,,,46.593833,0.314333,123,Poitiers,Vienne,86,Nouvelle-Aquitaine,75,7,2.500087253165825
07335,2025-07-18T15:00:00+00:00,30.0,4.9,33.0,60000.0,0,3240.0,99560.0,7.5,0.2,POITIERS-BIARD,31.5,,,46.593833,0.314333,123,Poitiers,Vienne,86,Nouvelle-Aquitaine,75,7,2.500087253165825
07335,2025-07-24T06:00:00+00:00,290.0,3.0,96.0,14820.0,0,3120.0,100240.0,4.8,9.8,POITIERS-BIARD,14.300000000000011,,,46.593833,0.314333,123,Poitiers,Vienne,86,Nouvelle-Aquitaine,75,7,2.500087253165825
07335,2025-07-25T09:00:00+00:00,340.0,3.7,75.0,16770.0,0,450.0,100530.0,5.8,0.2,POITIERS-BIARD,19.700000000000045,,,46.593833,0.314333,123,Poitiers,Vienne,86,Nouvelle-Aquitaine,75,7,2.500087253165825
07335,2025-07-27T03:00:00+00:00,240.0,2.6,90.0,60000.0,0,450.0,100490.0,3.7,0.0,POITIERS-BIARD,17.30000000000001,,,46.593833,0.314333,123,Poitiers,Vienne,86,Nouvelle-Aquitaine,75,7,2.500087253165825
07335,2025-07-28T06:00:00+00:00,320.0,3.3,89.0,19810.0,0,,100730.0,5.1,0.8,POITIERS-BIARD,14.700000000000045,,,46.593833,0.314333,123,Poitiers,Vienne,86,Nouvelle-Aquitaine,75,7,2.500087253165825
07335,2025-07-29T09:00:00+00:00,340.0,3.0,63.0,60000.0,0,800.0,100840.0,4.7,0.0,POITIERS-BIARD,19.900000000000034,,,46.593833,0.314333,123,Poitiers,Vienne,86,Nouvelle-Aquitaine,75,7,2.500087253165825
07335,2025-07-30T12:00:00+00:00,290.0,4.4,58.0,60000.0,0,800.0,100670.0,7.1,-0.1,POITIERS-BIARD,22.600000000000023,,,46.593833,0.314333,123,Poitiers,Vienne,86,Nouvelle-Aquitaine,75,7,2.500087253165825
07335,2025-07-16T06:00:00+00:00,220.0,2.3,92.0,19750.0,0,,100820.0,3.1,0.0,POITIERS-BIARD,15.600000000000023,,,46.593833,0.314333,123,Poitiers,Vienne,86,Nouvelle-Aquitaine,75,7,2.500087253165825
07335,2025-07-17T00:00:00+00:00,320.0,1.4,76.0,60000.0,0,,100580.0,1.9,0.0,POITIERS-BIARD,19.600000000000023,,,46.593833,0.314333,123,Poitiers,Vienne,86,Nouvelle-Aquitaine,75,7,2.500087253165825
07335,2025-07-23T00:00:00+00:00,250.0,0.9,81.0,60000.0,0,2250.0,100200.0,1.2,0.0,POITIERS-BIARD,16.100000000000023,,,46.593833,0.314333,123,Poitiers,Vienne,86,Nouvelle-Aquitaine,75,7,2.500087253165825
07335,2025-07-18T18:00:00+00:00,50.0,5.3,36.0,60000.0,0,,99400.0,8.7,0.2,POITIERS-BIARD,30.600000000000023,,,46.593833,0.314333,123,Poitiers,Vienne,86,Nouvelle-Aquitaine,75,7,2.500087253165825
07335,2025-07-16T12:00:00+00:00,230.0,4.4,48.0,19850.0,0,1250.0,100670.0,7.9,0.0,POITIERS-BIARD,26.0,,,46.593833,0.314333,123,Poitiers,Vienne,86,Nouvelle-Aquitaine,75,7,2.500087253165825
07335,2025-07-16T21:00:00+00:00,280.0,1.2,63.0,60000.0,0,,100600.0,1.9,0.0,POITIERS-BIARD,22.900000000000034,,,46.593833,0.314333,123,Poitiers,Vienne,86,Nouvelle-Aquitaine,75,7,2.500087253165825
07335,2025-07-20T18:00:00+00:00,230.0,9.0,54.0,19820.0,0,,99250.0,13.2,25.5,POITIERS-BIARD,21.600000000000023,,,46.593833,0.314333,123,Poitiers,Vienne,86,Nouvelle-Aquitaine,75,7,2.500087253165825
07335,2025-07-21T12:00:00+00:00,240.0,11.0,62.0,60000.0,0,800.0,99430.0,15.9,9.7,POITIERS-BIARD,22.30000000000001,,,46.593833,0.314333,123,Poitiers,Vienne,86,Nouvelle-Aquitaine,75,7,2.500087253165825
07335,2025-07-22T12:00:00+00:00,220.0,5.6,54.0,4520.0,10,1250.0,100350.0,8.4,1.2,POITIERS-BIARD,21.900000000000034,,,46.593833,0.314333,123,Poitiers,Vienne,86,Nouvelle-Aquitaine,75,7,2.500087253165825
07335,2025-07-22T21:00:00+00:00,290.0,2.3,67.0,60000.0,0,2250.0,100230.0,3.4,0.0,POITIERS-BIARD,19.100000000000023,,,46.593833,0.314333,123,Poitiers,Vienne,86,Nouvelle-Aquitaine,75,7,2.500087253165825
07335,2025-07-26T06:00:00+00:00,320.0,3.1,95.0,7580.0,0,1250.0,100570.0,4.4,0.2,POITIERS-BIARD,16.80000000000001,,,46.593833,0.314333,123,Poitiers,Vienne,86,Nouvelle-Aquitaine,75,7,2.500087253165825
07335,2025-07-26T12:00:00+00:00,300.0,4.4,51.0,59960.0,0,2250.0,100600.0,7.2,0.2,POITIERS-BIARD,25.200000000000045,,,46.593833,0.314333,123,Poitiers,Vienne,86,Nouvelle-Aquitaine,75,7,2.500087253165825
07335,2025-07-29T21:00:00+00:00,290.0,1.4,62.0,60000.0,0,,100640.0,2.1,0.0,POITIERS-BIARD,19.200000000000045,,,46.593833,0.314333,123,Poitiers,Vienne,86,Nouvelle-Aquitaine,75,7,2.500087253165825
07335,2025-07-15T03:00:00+00:00,230.0,1.8,91.0,19480.0,0,,100870.0,2.4,0.0,POITIERS-BIARD,14.300000000000011,,,46.593833,0.314333,123,Poitiers,Vienne,86,Nouvelle-Aquitaine,75,7,2.500087253165825
07335,2025-07-15T18:00:00+00:00,260.0,7.1,44.0,60000.0,0,,100750.0,10.8,0.0,POITIERS-BIARD,24.100000000000023,,,46.593833,0.314333,123,Poitiers,Vienne,86,Nouvelle-Aquitaine,75,7,2.500087253165825
07335,2025-07-21T09:00:00+00:00,240.0,7.8,81.0,48550.0,0,450.0,99300.0,11.9,9.7,POITIERS-BIARD,19.0,,,46.593833,0.314333,123,Poitiers,Vienne,86,Nouvelle-Aquitaine,75,7,2.500087253165825
07335,2025-07-24T09:00:00+00:00,330.0,3.5,89.0,19230.0,0,450.0,100340.0,5.6,10.4,POITIERS-BIARD,17.0,,,46.593833,0.314333,123,Poitiers,Vienne,86,Nouvelle-Aquitaine,75,7,2.500087253165825
07335,2025-07-26T15:00:00+00:00,280.0,4.8,45.0,60000.0,0,1750.0,100510.0,7.6,0.2,POITIERS-BIARD,27.600000000000023,,,46.593833,0.314333,123,Poitiers,Vienne,86,Nouvelle-Aquitaine,75,7,2.500087253165825
07335,2025-07-29T18:00:00+00:00,310.0,4.7,47.0,60000.0,0,1750.0,100540.0,6.9,0.0,POITIERS-BIARD,23.5,,,46.593833,0.314333,123,Poitiers,Vienne,86,Nouvelle-Aquitaine,75,7,2.500087253165825
07335,2025-07-26T00:00:00+00:00,320.0,2.5,87.0,46100.0,0,,100560.0,3.4,0.2,POITIERS-BIARD,17.80000000000001,,,46.593833,0.314333,123,Poitiers,Vienne,86,Nouvelle-Aquitaine,75,7,2.500087253165825
07335,2025-07-28T09:00:00+00:00,350.0,3.5,60.0,19870.0,0,,100840.0,7.2,0.8,POITIERS-BIARD,20.400000000000034,,,46.593833,0.314333,123,Poitiers,Vienne,86,Nouvelle-Aquitaine,75,7,2.500087253165825
07335,2025-07-31T03:00:00+00:00,310.0,2.1,89.0,60000.0,0,,100700.0,2.8,-0.1,POITIERS-BIARD,15.0,,,46.593833,0.314333,123,Poitiers,Vienne,86,Nouvelle-Aquitaine,75,7,2.500087253165825
07335,2025-07-17T12:00:00+00:00,60.0,2.8,45.0,19790.0,0,1250.0,100390.0,8.6,0.0,POITIERS-BIARD,29.30000000000001,,,46.593833,0.314333,123,Poitiers,Vienne,86,Nouvelle-Aquitaine,75,7,2.500087253165825
07335,2025-07-24T21:00:00+00:00,250.0,2.5,90.0,15910.0,0,1750.0,100440.0,3.7,0.8,POITIERS-BIARD,17.30000000000001,,,46.593833,0.314333,123,Poitiers,Vienne,86,Nouvelle-Aquitaine,75,7,2.500087253165825
07335,2025-07-30T06:00:00+00:00,290.0,2.3,92.0,17850.0,0,450.0,100670.0,3.3,-0.1,POITIERS-BIARD,17.400000000000034,,,46.593833,0.314333,123,Poitiers,Vienne,86,Nouvelle-Aquitaine,75,7,2.500087253165825
07335,2025-07-22T18:00:00+00:00,260.0,3.6,48.0,60000.0,0,1750.0,100230.0,5.7,0.0,POITIERS-BIARD,23.100000000000023,,,46.593833,0.314333,123,Poitiers,Vienne,86,Nouvelle-Aquitaine,75,7,2.500087253165825
07335,2025-07-15T00:00:00+00:00,240.0,3.5,86.0,60000.0,0,4800.0,100860.0,5.1,0.0,POITIERS-BIARD,17.100000000000023,,,46.593833,0.314333,123,Poitiers,Vienne,86,Nouvelle-Aquitaine,75,7,2.500087253165825
07335,2025-07-17T06:00:00+00:00,30.0,1.3,80.0,55900.0,0,,100540.0,2.4,0.0,POITIERS-BIARD,20.30000000000001,,,46.593833,0.314333,123,Poitiers,Vienne,86,Nouvelle-Aquitaine,75,7,2.500087253165825
07335,2025-07-27T06:00:00+00:00,250.0,2.4,92.0,60000.0,0,450.0,100460.0,4.1,0.0,POITIERS-BIARD,17.30000000000001,,,46.593833,0.314333,123,Poitiers,Vienne,86,Nouvelle-Aquitaine,75,7,2.500087253165825
07335,2025-07-27T12:00:00+00:00,270.0,4.8,50.0,18980.0,0,1250.0,100440.0,7.6,0.0,POITIERS-BIARD,22.5,,,46.593833,0.314333,123,Poitiers,Vienne,86,Nouvelle-Aquitaine,75,7,2.500087253165825
07335,2025-07-31T18:00:00+00:00,260.0,3.9,53.0,60000.0,0,1750.0,100390.0,6.6,0.0,POITIERS-BIARD,24.80000000000001,,,46.593833,0.314333,123,Poitiers,Vienne,86,Nouvelle-Aquitaine,75,7,2.500087253165825
07335,2025-07-21T06:00:00+00:00,210.0,7.4,95.0,18630.0,0,250.0,99180.0,10.4,10.9,POITIERS-BIARD,16.600000000000023,,,46.593833,0.314333,123,Poitiers,Vienne,86,Nouvelle-Aquitaine,75,7,2.500087253165825
07335,2025-07-23T18:00:00+00:00,330.0,0.5,94.0,18040.0,0,2250.0,99990.0,1.3,9.8,POITIERS-BIARD,15.900000000000034,,,46.593833,0.314333,123,Poitiers,Vienne,86,Nouvelle-Aquitaine,75,7,2.500087253165825
07335,2025-07-25T15:00:00+00:00,350.0,3.6,64.0,60000.0,0,1250.0,100440.0,6.5,-0.1,POITIERS-BIARD,23.100000000000023,,,46.593833,0.314333,123,Poitiers,Vienne,86,Nouvelle-Aquitaine,75,7,2.500087253165825
07335,2025-07-15T09:00:00+00:00,260.0,3.3,62.0,19830.0,0,800.0,100940.0,6.5,0.0,POITIERS-BIARD,21.100000000000023,,,46.593833,0.314333,123,Poitiers,Vienne,86,Nouvelle-Aquitaine,75,7,2.500087253165825
07335,2025-07-16T09:00:00+00:00,270.0,3.4,62.0,60000.0,0,800.0,100820.0,5.4,0.0,POITIERS-BIARD,21.80000000000001,,,46.593833,0.314333,123,Poitiers,Vienne,86,Nouvelle-Aquitaine,75,7,2.500087253165825
07335,2025-07-17T03:00:00+00:00,340.0,1.2,86.0,51670.0,0,,100540.0,1.8,0.0,POITIERS-BIARD,17.0,,,46.593833,0.314333,123,Poitiers,Vienne,86,Nouvelle-Aquitaine,75,7,2.500087253165825
07335,2025-07-31T15:00:00+00:00,250.0,4.0,48.0,60000.0,0,1750.0,100450.0,7.3,0.0,POITIERS-BIARD,26.100000000000023,,,46.593833,0.314333,123,Poitiers,Vienne,86,Nouvelle-Aquitaine,75,7,2.500087253165825
07335,2025-07-31T21:00:00+00:00,310.0,2.8,61.0,60000.0,0,1250.0,100450.0,4.7,0.0,POITIERS-BIARD,21.400000000000034,,,46.593833,0.314333,123,Poitiers,Vienne,86,Nouvelle-Aquitaine,75,7,2.500087253165825
07335,2025-07-21T00:00:00+00:00,200.0,7.3,86.0,41340.0,0,800.0,99250.0,11.4,25.5,POITIERS-BIARD,17.0,,,46.593833,0.314333,123,Poitiers,Vienne,86,Nouvelle-Aquitaine,75,7,2.500087253165825
07335,2025-07-31T12:00:00+00:00,250.0,3.9,47.0,19740.0,0,1750.0,100610.0,6.5,0.0,POITIERS-BIARD,25.900000000000034,,,46.593833,0.314333,123,Poitiers,Vienne,86,Nouvelle-Aquitaine,75,7,2.500087253165825
07335,2025-07-18T21:00:00+00:00,230.0,5.4,68.0,60000.0,0,,99460.0,8.5,0.2,POITIERS-BIARD,24.400000000000034,,,46.593833,0.314333,123,Poitiers,Vienne,86,Nouvelle-Aquitaine,75,7,2.500087253165825
07335,2025-07-20T03:00:00+00:00,200.0,0.6,75.0,60000.0,0,1750.0,99140.0,1.2,-0.1,POITIERS-BIARD,17.900000000000034,,,46.593833,0.314333,123,Poitiers,Vienne,86,Nouvelle-Aquitaine,75,7,2.500087253165825
07335,2025-07-21T15:00:00+00:00,260.0,8.4,81.0,17810.0,0,450.0,99650.0,13.3,10.3,POITIERS-BIARD,19.200000000000045,,,46.593833,0.314333,123,Poitiers,Vienne,86,Nouvelle-Aquitaine,75,7,2.500087253165825
07335,2025-07-22T00:00:00+00:00,230.0,4.7,88.0,44370.0,0,1250.0,100130.0,6.9,10.9,POITIERS-BIARD,16.30000000000001,,,46.593833,0.314333,123,Poitiers,Vienne,86,Nouvelle-Aquitaine,75,7,2.500087253165825
07335,2025-07-22T03:00:00+00:00,220.0,4.4,89.0,54830.0,0,1250.0,100170.0,5.9,10.7,POITIERS-BIARD,16.400000000000034,,,46.593833,0.314333,123,Poitiers,Vienne,86,Nouvelle-Aquitaine,75,7,2.500087253165825
07335,2025-07-15T12:00:00+00:00,230.0,6.6,41.0,19780.0,0,1750.0,100870.0,12.0,0.0,POITIERS-BIARD,26.200000000000045,,,46.593833,0.314333,123,Poitiers,Vienne,86,Nouvelle-Aquitaine,75,7,2.500087253165825
07335,2025-07-16T18:00:00+00:00,260.0,3.9,46.0,60000.0,0,1750.0,100490.0,6.6,0.0,POITIERS-BIARD,27.900000000000034,,,46.593833,0.314333,123,Poitiers,Vienne,86,Nouvelle-Aquitaine,75,7,2.500087253165825
07335,2025-07-28T15:00:00+00:00,350.0,4.2,47.0,60000.0,0,1750.0,100740.0,6.6,0.8,POITIERS-BIARD,23.100000000000023,,,46.593833,0.314333,123,Poitiers,Vienne,86,Nouvelle-Aquitaine,75,7,2.500087253165825
07335,2025-07-28T18:00:00+00:00,330.0,4.3,48.0,60000.0,0,1750.0,100740.0,6.6,0.0,POITIERS-BIARD,22.80000000000001,,,46.593833,0.314333,123,Poitiers,Vienne,86,Nouvelle-Aquitaine,75,7,2.500087253165825
07335,2025-07-30T15:00:00+00:00,320.0,5.7,55.0,60000.0,0,1250.0,100650.0,9.7,-0.1,POITIERS-BIARD,23.200000000000045,,,46.593833,0.314333,123,Poitiers,Vienne,86,Nouvelle-Aquitaine,75,7,2.500087253165825
07335,2025-07-19T18:00:00+00:00,240.0,6.6,55.0,60000.0,0,4500.0,99480.0,9.6,-0.1,POITIERS-BIARD,22.100000000000023,,,46.593833,0.314333,123,Poitiers,Vienne,86,Nouvelle-Aquitaine,75,7,2.500087253165825
07335,2025-07-25T06:00:00+00:00,320.0,2.3,95.0,8440.0,0,3480.0,100520.0,3.3,0.8,POITIERS-BIARD,15.0,,,46.593833,0.314333,123,Poitiers,Vienne,86,Nouvelle-Aquitaine,75,7,2.500087253165825
07335,2025-07-27T00:00:00+00:00,240.0,2.1,90.0,58500.0,0,800.0,100600.0,2.7,0.0,POITIERS-BIARD,15.400000000000034,,,46.593833,0.314333,123,Poitiers,Vienne,86,Nouvelle-Aquitaine,75,7,2.500087253165825
07335,2025-07-31T06:00:00+00:00,320.0,2.4,92.0,19510.0,0,,100730.0,3.8,0.0,POITIERS-BIARD,15.400000000000034,,,46.593833,0.314333,123,Poitiers,Vienne,86,Nouvelle-Aquitaine,75,7,2.500087253165825
07335,2025-07-23T21:00:00+00:00,260.0,2.0,94.0,60000.0,0,,100150.0,2.9,9.8,POITIERS-BIARD,14.600000000000023,,,46.593833,0.314333,123,Poitiers,Vienne,86,Nouvelle-Aquitaine,75,7,2.500087253165825
07335,2025-07-25T00:00:00+00:00,320.0,2.8,83.0,15850.0,0,1750.0,100480.0,4.4,0.8,POITIERS-BIARD,16.30000000000001,,,46.593833,0.314333,123,Poitiers,Vienne,86,Nouvelle-Aquitaine,75,7,2.500087253165825
07335,2025-07-28T03:00:00+00:00,330.0,2.4,88.0,60000.0,0,,100590.0,3.2,0.8,POITIERS-BIARD,13.900000000000034,,,46.593833,0.314333,123,Poitiers,Vienne,86,Nouvelle-Aquitaine,75,7,2.500087253165825
07335,2025-07-29T03:00:00+00:00,310.0,1.2,84.0,60000.0,0,1750.0,100810.0,2.1,0.0,POITIERS-BIARD,14.5,,,46.593833,0.314333,123,Poitiers,Vienne,86,Nouvelle-Aquitaine,75,7,2.500087253165825
07335,2025-07-31T09:00:00+00:00,210.0,1.7,60.0,19930.0,0,1250.0,100710.0,4.2,0.0,POITIERS-BIARD,22.100000000000023,,,46.593833,0.314333,123,Poitiers,Vienne,86,Nouvelle-Aquitaine,75,7,2.500087253165825
07335,2025-07-29T06:00:00+00:00,330.0,2.5,87.0,58070.0,0,,100840.0,3.5,0.0,POITIERS-BIARD,14.800000000000011,,,46.593833,0.314333,123,Poitiers,Vienne,86,Nouvelle-Aquitaine,75,7,2.500087253165825
07335,2025-07-17T21:00:00+00:00,60.0,3.9,54.0,60000.0,0,6540.0,100050.0,7.2,0.0,POITIERS-BIARD,26.200000000000045,,,46.593833,0.314333,123,Poitiers,Vienne,86,Nouvelle-Aquitaine,75,7,2.500087253165825
07335,2025-07-22T09:00:00+00:00,260.0,5.2,68.0,60000.0,0,800.0,100360.0,7.6,1.2,POITIERS-BIARD,19.30000000000001,,,46.593833,0.314333,123,Poitiers,Vienne,86,Nouvelle-Aquitaine,75,7,2.500087253165825
07335,2025-07-23T15:00:00+00:00,360.0,3.0,75.0,60000.0,0,30.0,99960.0,4.9,4.3,POITIERS-BIARD,20.5,,,46.593833,0.314333,123,Poitiers,Vienne,86,Nouvelle-Aquitaine,75,7,2.500087253165825
07335,2025-07-24T18:00:00+00:00,320.0,2.4,58.0,41700.0,0,2250.0,100360.0,3.6,0.8,POITIERS-BIARD,21.5,,,46.593833,0.314333,123,Poitiers,Vienne,86,Nouvelle-Aquitaine,75,7,2.500087253165825
07335,2025-07-17T09:00:00+00:00,30.0,2.3,60.0,60000.0,0,,100510.0,5.3,0.0,POITIERS-BIARD,25.200000000000045,,,46.593833,0.314333,123,Poitiers,Vienne,86,Nouvelle-Aquitaine,75,7,2.500087253165825
07335,2025-07-18T06:00:00+00:00,70.0,1.3,61.0,60000.0,0,3540.0,99870.0,3.0,0.0,POITIERS-BIARD,23.100000000000023,,,46.593833,0.314333,123,Poitiers,Vienne,86,Nouvelle-Aquitaine,75,7,2.500087253165825
07335,2025-07-20T15:00:00+00:00,230.0,10.5,45.0,60000.0,0,1750.0,99220.0,15.4,25.5,POITIERS-BIARD,24.600000000000023,,,46.593833,0.314333,123,Poitiers,Vienne,86,Nouvelle-Aquitaine,75,7,2.500087253165825
07335,2025-07-25T12:00:00+00:00,10.0,3.8,64.0,60000.0,0,800.0,100510.0,6.7,-0.1,POITIERS-BIARD,22.600000000000023,,,46.593833,0.314333,123,Poitiers,Vienne,86,Nouvelle-Aquitaine,75,7,2.500087253165825
07335,2025-07-25T18:00:00+00:00,350.0,4.6,59.0,60000.0,0,1250.0,100420.0,7.1,-0.1,POITIERS-BIARD,24.200000000000045,,,46.593833,0.314333,123,Poitiers,Vienne,86,Nouvelle-Aquitaine,75,7,2.500087253165825
07335,2025-07-27T09:00:00+00:00,260.0,4.3,70.0,60000.0,0,800.0,100510.0,7.0,0.0,POITIERS-BIARD,20.200000000000045,,,46.593833,0.314333,123,Poitiers,Vienne,86,Nouvelle-Aquitaine,75,7,2.500087253165825
07335,2025-07-28T12:00:00+00:00,360.0,3.3,46.0,60000.0,0,1750.0,100820.0,6.9,0.8,POITIERS-BIARD,22.80000000000001,,,46.593833,0.314333,123,Poitiers,Vienne,86,Nouvelle-Aquitaine,75,7,2.500087253165825
07335,2025-07-19T21:00:00+00:00,210.0,2.4,72.0,60000.0,0,4440.0,99480.0,2.9,-0.1,POITIERS-BIARD,18.600000000000023,,,46.593833,0.314333,123,Poitiers,Vienne,86,Nouvelle-Aquitaine,75,7,2.500087253165825
07335,2025-07-27T15:00:00+00:00,290.0,4.5,58.0,19820.0,60,1250.0,100390.0,6.7,-0.1,POITIERS-BIARD,21.30000000000001,,,46.593833,0.314333,123,Poitiers,Vienne,86,Nouvelle-Aquitaine,75,7,2.500087253165825
07335,2025-07-30T03:00:00+00:00,290.0,1.1,89.0,60000.0,0,1250.0,100590.0,1.8,0.0,POITIERS-BIARD,17.0,,,46.593833,0.314333,123,Poitiers,Vienne,86,Nouvelle-Aquitaine,75,7,2.500087253165825
07335,2025-07-26T21:00:00+00:00,230.0,2.6,73.0,44800.0,0,,100590.0,3.9,0.0,POITIERS-BIARD,18.30000000000001,,,46.593833,0.314333,123,Poitiers,Vienne,86,Nouvelle-Aquitaine,75,7,2.500087253165825
07335,2025-07-27T21:00:00+00:00,310.0,3.5,68.0,60000.0,0,1250.0,100490.0,5.6,0.8,POITIERS-BIARD,18.5,,,46.593833,0.314333,123,Poitiers,Vienne,86,Nouvelle-Aquitaine,75,7,2.500087253165825
07335,2025-07-28T00:00:00+00:00,310.0,2.8,78.0,60000.0,0,3420.0,100570.0,4.4,0.8,POITIERS-BIARD,16.80000000000001,,,46.593833,0.314333,123,Poitiers,Vienne,86,Nouvelle-Aquitaine,75,7,2.500087253165825
07335,2025-07-30T00:00:00+00:00,290.0,1.5,83.0,60000.0,0,1750.0,100650.0,2.3,0.0,POITIERS-BIARD,16.80000000000001,,,46.593833,0.314333,123,Poitiers,Vienne,86,Nouvelle-Aquitaine,75,7,2.500087253165825
07335,2025-07-30T21:00:00+00:00,250.0,0.6,74.0,60000.0,0,,100720.0,1.5,-0.1,POITIERS-BIARD,18.900000000000034,,,46.593833,0.314333,123,Poitiers,Vienne,86,Nouvelle-Aquitaine,75,7,2.500087253165825
07335,2025-07-19T06:00:00+00:00,230.0,8.0,84.0,60000.0,0,450.0,99460.0,10.8,0.2,POITIERS-BIARD,19.600000000000023,,,46.593833,0.314333,123,Poitiers,Vienne,86,Nouvelle-Aquitaine,75,7,2.500087253165825
07335,2025-07-20T09:00:00+00:00,220.0,6.4,81.0,60000.0,0,450.0,99170.0,9.3,25.5,POITIERS-BIARD,20.5,,,46.593833,0.314333,123,Poitiers,Vienne,86,Nouvelle-Aquitaine,75,7,2.500087253165825
07335,2025-07-21T03:00:00+00:00,210.0,6.6,93.0,54450.0,0,450.0,99180.0,10.3,25.7,POITIERS-BIARD,16.30000000000001,,,46.593833,0.314333,123,Poitiers,Vienne,86,Nouvelle-Aquitaine,75,7,2.500087253165825
07335,2025-07-22T06:00:00+00:00,240.0,2.4,89.0,53570.0,0,450.0,100290.0,4.2,3.6,POITIERS-BIARD,16.400000000000034,,,46.593833,0.314333,123,Poitiers,Vienne,86,Nouvelle-Aquitaine,75,7,2.500087253165825
07335,2025-07-23T06:00:00+00:00,0.0,0.0,89.0,60000.0,0,1250.0,100070.0,0.8,0.0,POITIERS-BIARD,16.200000000000045,,,46.593833,0.314333,123,Poitiers,Vienne,86,Nouvelle-Aquitaine,75,7,2.500087253165825
07335,2025-07-26T18:00:00+00:00,260.0,5.1,54.0,55700.0,0,1750.0,100490.0,9.0,0.2,POITIERS-BIARD,24.700000000000045,,,46.593833,0.314333,123,Poitiers,Vienne,86,Nouvelle-Aquitaine,75,7,2.500087253165825
07335,2025-07-29T15:00:00+00:00,260.0,3.3,44.0,60000.0,0,1750.0,100600.0,5.4,0.0,POITIERS-BIARD,24.30000000000001,,,46.593833,0.314333,123,Poitiers,Vienne,86,Nouvelle-Aquitaine,75,7,2.500087253165825
07335,2025-07-16T00:00:00+00:00,250.0,2.4,78.0,60000.0,0,,100870.0,3.7,0.0,POITIERS-BIARD,15.5,,,46.593833,0.314333,123,Poitiers,Vienne,86,Nouvelle-Aquitaine,75,7,2.500087253165825
07335,2025-07-18T12:00:00+00:00,120.0,3.7,38.0,60000.0,0,3600.0,99740.0,6.5,0.2,POITIERS-BIARD,30.0,,,46.593833,0.314333,123,Poitiers,Vienne,86,Nouvelle-Aquitaine,75,7,2.500087253165825
07335,2025-07-20T00:00:00+00:00,170.0,2.3,77.0,60000.0,0,3300.0,99320.0,3.8,-0.1,POITIERS-BIARD,17.900000000000034,,,46.593833,0.314333,123,Poitiers,Vienne,86,Nouvelle-Aquitaine,75,7,2.500087253165825
07335,2025-07-19T00:00:00+00:00,210.0,8.3,85.0,60000.0,0,1750.0,99430.0,11.6,0.2,POITIERS-BIARD,19.200000000000045,,,46.593833,0.314333,123,Poitiers,Vienne,86,Nouvelle-Aquitaine,75,7,2.500087253165825
07335,2025-07-20T12:00:00+00:00,220.0,6.6,53.0,60000.0,0,1250.0,99210.0,11.6,25.5,POITIERS-BIARD,24.100000000000023,,,46.593833,0.314333,123,Poitiers,Vienne,86,Nouvelle-Aquitaine,75,7,2.500087253165825
07335,2025-07-25T21:00:00+00:00,290.0,1.1,85.0,60000.0,0,3240.0,100550.0,1.7,0.2,POITIERS-BIARD,20.0,,,46.593833,0.314333,123,Poitiers,Vienne,86,Nouvelle-Aquitaine,75,7,2.500087253165825
07335,2025-07-26T09:00:00+00:00,290.0,2.1,72.0,18930.0,0,800.0,100620.0,3.9,0.2,POITIERS-BIARD,22.100000000000023,,,46.593833,0.314333,123,Poitiers,Vienne,86,Nouvelle-Aquitaine,75,7,2.500087253165825
07335,2025-07-26T03:00:00+00:00,320.0,3.0,94.0,8790.0,0,2250.0,100530.0,4.3,0.2,POITIERS-BIARD,16.700000000000045,,,46.593833,0.314333,123,Poitiers,Vienne,86,Nouvelle-Aquitaine,75,7,2.500087253165825
07335,2025-07-31T00:00:00+00:00,300.0,2.6,84.0,60000.0,0,,100710.0,3.5,-0.1,POITIERS-BIARD,16.5,,,46.593833,0.314333,123,Poitiers,Vienne,86,Nouvelle-Aquitaine,75,7,2.500087253165825
07335,2025-07-18T09:00:00+00:00,50.0,2.7,64.0,60000.0,0,4440.0,99890.0,4.5,0.2,POITIERS-BIARD,24.400000000000034,,,46.593833,0.314333,123,Poitiers,Vienne,86,Nouvelle-Aquitaine,75,7,2.500087253165825
07335,2025-07-20T21:00:00+00:00,200.0,6.8,73.0,60000.0,0,800.0,99310.0,11.0,25.5,POITIERS-BIARD,18.400000000000034,,,46.593833,0.314333,123,Poitiers,Vienne,86,Nouvelle-Aquitaine,75,7,2.500087253165825
07335,2025-07-21T18:00:00+00:00,240.0,7.7,86.0,15080.0,0,800.0,99830.0,12.1,10.9,POITIERS-BIARD,18.80000000000001,,,46.593833,0.314333,123,Poitiers,Vienne,86,Nouvelle-Aquitaine,75,7,2.500087253165825
07335,2025-07-23T09:00:00+00:00,190.0,3.3,61.0,60000.0,0,800.0,100040.0,5.9,0.0,POITIERS-BIARD,21.30000000000001,,,46.593833,0.314333,123,Poitiers,Vienne,86,Nouvelle-Aquitaine,75,7,2.500087253165825
07335,2025-07-24T03:00:00+00:00,310.0,2.7,95.0,44650.0,0,2250.0,100190.0,4.3,9.8,POITIERS-BIARD,14.400000000000034,,,46.593833,0.314333,123,Poitiers,Vienne,86,Nouvelle-Aquitaine,75,7,2.500087253165825
07335,2025-07-24T12:00:00+00:00,10.0,4.1,70.0,19240.0,0,800.0,100340.0,6.4,10.0,POITIERS-BIARD,20.200000000000045,,,46.593833,0.314333,123,Poitiers,Vienne,86,Nouvelle-Aquitaine,75,7,2.500087253165825
07335,2025-07-15T06:00:00+00:00,200.0,1.3,93.0,42780.0,0,,100910.0,1.7,0.0,POITIERS-BIARD,15.5,,,46.593833,0.314333,123,Poitiers,Vienne,86,Nouvelle-Aquitaine,75,7,2.500087253165825
07335,2025-07-16T15:00:00+00:00,280.0,3.9,43.0,47530.0,0,1750.0,100540.0,10.0,0.0,POITIERS-BIARD,29.0,,,46.593833,0.314333,123,Poitiers,Vienne,86,Nouvelle-Aquitaine,75,7,2.500087253165825
07335,2025-07-28T21:00:00+00:00,330.0,2.0,63.0,60000.0,0,2580.0,100830.0,2.6,0.0,POITIERS-BIARD,20.0,,,46.593833,0.314333,123,Poitiers,Vienne,86,Nouvelle-Aquitaine,75,7,2.500087253165825
07335,2025-07-29T00:00:00+00:00,310.0,2.7,72.0,60000.0,0,2580.0,100860.0,4.2,0.0,POITIERS-BIARD,17.30000000000001,,,46.593833,0.314333,123,Poitiers,Vienne,86,Nouvelle-Aquitaine,75,7,2.500087253165825
07335,2025-07-19T03:00:00+00:00,210.0,6.9,84.0,60000.0,0,450.0,99360.0,10.2,0.2,POITIERS-BIARD,19.5,,,46.593833,0.314333,123,Poitiers,Vienne,86,Nouvelle-Aquitaine,75,7,2.500087253165825
07335,2025-07-23T03:00:00+00:00,270.0,1.3,84.0,60000.0,0,1250.0,100120.0,2.1,0.0,POITIERS-BIARD,16.0,,,46.593833,0.314333,123,Poitiers,Vienne,86,Nouvelle-Aquitaine,75,7,2.500087253165825
07335,2025-07-23T12:00:00+00:00,200.0,3.8,68.0,60000.0,0,800.0,99980.0,6.0,0.6,POITIERS-BIARD,21.100000000000023,,,46.593833,0.314333,123,Poitiers,Vienne,86,Nouvelle-Aquitaine,75,7,2.500087253165825
07335,2025-07-24T00:00:00+00:00,300.0,2.3,93.0,60000.0,0,2760.0,100180.0,3.5,9.8,POITIERS-BIARD,15.0,,,46.593833,0.314333,123,Poitiers,Vienne,86,Nouvelle-Aquitaine,75,7,2.500087253165825
07335,2025-07-17T18:00:00+00:00,40.0,3.0,41.0,60000.0,0,,100070.0,6.0,0.0,POITIERS-BIARD,30.400000000000034,,,46.593833,0.314333,123,Poitiers,Vienne,86,Nouvelle-Aquitaine,75,7,2.500087253165825
07335,2025-07-18T00:00:00+00:00,90.0,3.1,60.0,60000.0,0,5820.0,100030.0,7.8,0.0,POITIERS-BIARD,24.400000000000034,,,46.593833,0.314333,123,Poitiers,Vienne,86,Nouvelle-Aquitaine,75,7,2.500087253165825
07335,2025-07-19T15:00:00+00:00,230.0,10.2,48.0,60000.0,0,1250.0,99490.0,15.1,-0.1,POITIERS-BIARD,27.100000000000023,,,46.593833,0.314333,123,Poitiers,Vienne,86,Nouvelle-Aquitaine,75,7,2.500087253165825
07335,2025-07-21T21:00:00+00:00,240.0,5.2,84.0,55300.0,0,1750.0,100040.0,7.6,10.9,POITIERS-BIARD,17.30000000000001,,,46.593833,0.314333,123,Poitiers,Vienne,86,Nouvelle-Aquitaine,75,7,2.500087253165825
07335,2025-07-30T09:00:00+00:00,320.0,2.8,75.0,60000.0,0,800.0,100700.0,4.8,-0.1,POITIERS-BIARD,19.5,,,46.593833,0.314333,123,Poitiers,Vienne,86,Nouvelle-Aquitaine,75,7,2.500087253165825
07335,2025-07-27T18:00:00+00:00,310.0,4.7,58.0,60000.0,0,1750.0,100400.0,7.9,0.8,POITIERS-BIARD,20.200000000000045,,,46.593833,0.314333,123,Poitiers,Vienne,86,Nouvelle-Aquitaine,75,7,2.500087253165825
07335,2025-07-30T18:00:00+00:00,320.0,4.8,57.0,60000.0,0,1750.0,100630.0,7.9,-0.1,POITIERS-BIARD,23.100000000000023,,,46.593833,0.314333,123,Poitiers,Vienne,86,Nouvelle-Aquitaine,75,7,2.500087253165825
07335,2025-07-15T21:00:00+00:00,240.0,4.0,63.0,60000.0,0,,100880.0,5.7,0.0,POITIERS-BIARD,18.600000000000023,,,46.593833,0.314333,123,Poitiers,Vienne,86,Nouvelle-Aquitaine,75,7,2.500087253165825
07335,2025-07-17T15:00:00+00:00,10.0,2.9,40.0,60000.0,0,,100210.0,5.9,0.0,POITIERS-BIARD,30.80000000000001,,,46.593833,0.314333,123,Poitiers,Vienne,86,Nouvelle-Aquitaine,75,7,2.500087253165825
07335,2025-07-19T09:00:00+00:00,230.0,8.0,62.0,60000.0,0,800.0,99510.0,12.9,-0.1,POITIERS-BIARD,24.0,,,46.593833,0.314333,123,Poitiers,Vienne,86,Nouvelle-Aquitaine,75,7,2.500087253165825
07335,2025-07-20T06:00:00+00:00,10.0,2.5,97.0,4910.0,63,450.0,99160.0,4.0,21.9,POITIERS-BIARD,16.5,,,46.593833,0.314333,123,Poitiers,Vienne,86,Nouvelle-Aquitaine,75,7,2.500087253165825
07335,2025-07-22T15:00:00+00:00,240.0,5.1,47.0,60000.0,0,1250.0,100250.0,9.4,0.6,POITIERS-BIARD,24.5,,,46.593833,0.314333,123,Poitiers,Vienne,86,Nouvelle-Aquitaine,75,7,2.500087253165825
07335,2025-07-24T15:00:00+00:00,330.0,8.1,59.0,46960.0,0,1250.0,100290.0,14.0,6.3,POITIERS-BIARD,21.30000000000001,,,46.593833,0.314333,123,Poitiers,Vienne,86,Nouvelle-Aquitaine,75,7,2.500087253165825
07335,2025-07-25T03:00:00+00:00,330.0,3.5,93.0,8960.0,0,,100480.0,5.1,0.8,POITIERS-BIARD,14.600000000000023,,,46.593833,0.314333,123,Poitiers,Vienne,86,Nouvelle-Aquitaine,75,7,2.500087253165825
07335,2025-07-29T12:00:00+00:00,300.0,3.7,47.0,60000.0,0,1250.0,100730.0,8.0,0.0,POITIERS-BIARD,24.100000000000023,,,46.593833,0.314333,123,Poitiers,Vienne,86,Nouvelle-Aquitaine,75,7,2.500087253165825
07335,2025-07-19T12:00:00+00:00,260.0,8.3,58.0,60000.0,0,1250.0,99500.0,12.4,-0.1,POITIERS-BIARD,25.400000000000034,,,46.593833,0.314333,123,Poitiers,Vienne,86,Nouvelle-Aquitaine,75,7,2.500087253165825
